Action,Time,ISIN,Ticker,Name,Notes,ID,No. of shares,Price / share,Currency (Price / share),Exchange rate,Result,Currency (Result),Total,Currency (Total),Withholding tax,Currency (Withholding tax),Stamp duty reserve tax,Currency (Stamp duty reserve tax),Currency conversion from amount,Currency (Currency conversion from amount),Currency conversion to amount,Currency (Currency conversion to amount),Currency conversion fee,Currency (Currency conversion fee),Merchant name,Merchant category,French transaction tax,Currency (French transaction tax)
Dividend (Dividend),2025-01-06 11:40:35,US9311421039,WMT,"Walmart",,,0.2250079000,0.176375,USD,24.44201133,,,0.97,"CZK",0.01,USD,,,,,,,,,,,,
Market sell,2025-01-13 08:00:18,FR0000121329,HO,"Thales",,EOF26400928928,0.0923998000,144.5500000000,EUR,0.03980921,-5.48,"CZK",335.01,"CZK",,,,,,,,,0.50,"CZK",,,,
Market sell,2025-01-13 08:00:18,NL0000235190,AIR,"Airbus",,EOF26400928997,0.0063451000,157.0800000000,EUR,0.03980384,1.98,"CZK",25.00,"CZK",,,,,,,,,0.04,"CZK",,,,
Market sell,2025-01-13 08:00:34,GB0002634946,BA,"BAE Systems",,EOF26400932217,1.1230172500,1188.0000000000,GBX,3.34900844,-22.93,"CZK",397.77,"CZK",,,,,,,,,0.60,"CZK",,,,
Market sell,2025-01-13 08:00:41,GB00B63H8491,RR,"Rolls-Royce",,EOF26400935656,0.7678359000,575.6000000000,GBX,3.34924480,33.28,"CZK",131.76,"CZK",,,,,,,,,0.20,"CZK",,,,
Market sell,2025-01-13 14:30:00,US7475251036,QCOM,"Qualcomm",,EOF26502186195,0.0773592000,154.0100000000,USD,0.04051584,0.19,"CZK",293.62,"CZK",,,,,,,,,0.44,"CZK",,,,
Market sell,2025-01-13 14:30:15,US0420682058,ARM,"ARM",,EOF26502198945,0.1353491000,136.6000000000,USD,0.04051515,112.68,"CZK",455.66,"CZK",,,,,,,,,0.68,"CZK",,,,
Market sell,2025-01-13 14:30:40,US9311421039,WMT,"Walmart",,EOF26504073277,0.0110110000,92.1100000000,USD,0.04052030,5.88,"CZK",24.99,"CZK",,,,,,,,,0.04,"CZK",,,,
Market sell,2025-01-13 14:30:45,US7731211089,RKLB,"Rocket Lab Corporation",,EOF26504056008,0.1675770000,25.5100000000,USD,0.04051643,47.90,"CZK",105.35,"CZK",,,,,,,,,0.16,"CZK",,,,
Market sell,2025-01-13 14:30:45,US57636Q1040,MA,"Mastercard",,EOF26504056005,0.0204409000,501.0000000000,USD,0.04051466,28.15,"CZK",252.39,"CZK",,,,,,,,,0.38,"CZK",,,,
Market sell,2025-01-13 14:30:45,US5398301094,LMT,"Lockheed Martin",,EOF26504056011,0.0200145000,468.0500000000,USD,0.04051810,3.29,"CZK",230.85,"CZK",,,,,,,,,0.35,"CZK",,,,
Market sell,2025-01-13 14:30:59,US5324571083,LLY,"Eli Lilly & Co",,EOF26504080430,0.0012796000,792.5100000000,USD,0.04051521,0.82,"CZK",24.99,"CZK",,,,,,,,,0.04,"CZK",,,,
Market buy,2025-01-13 14:32:57,US0079031078,AMD,"Advanced Micro Devices",,EOF26504085389,0.1786498000,115.6900000000,USD,0.04054615,,"CZK",510.50,"CZK",,,,,,,,,0.76,"CZK",,,,
Market buy,2025-01-13 14:32:57,IE00B3XXRP09,VUSA,"Vanguard S&P 500 (Dist)",,EOF26504085394,0.1560580000,90.2950000000,GBP,0.03340031,,"CZK",422.52,"CZK",,,,,,,,,0.63,"CZK",,,,
Market buy,2025-01-13 14:32:57,US02079K3059,GOOGL,"Alphabet (Class A)",,EOF26504085398,0.1508369000,189.0100000000,USD,0.04054623,,"CZK",704.19,"CZK",,,,,,,,,1.05,"CZK",,,,
Market buy,2025-01-13 14:32:57,US5949181045,MSFT,"Microsoft",,EOF26504085404,0.0024749000,416.7700000000,USD,0.04054497,,"CZK",25.48,"CZK",,,,,,,,,0.04,"CZK",,,,
Market buy,2025-01-13 14:32:57,US64110L1061,NFLX,"Netflix",,EOF26504085413,0.0021650000,840.0000000000,USD,0.04054849,,"CZK",44.92,"CZK",,,,,,,,,0.07,"CZK",,,,
Market buy,2025-01-13 14:32:57,US47215P1066,JD,"JD.com",,EOF26504085410,0.0942000000,33.2600000000,USD,0.04054732,,"CZK",77.39,"CZK",,,,,,,,,0.12,"CZK",,,,
Market buy,2025-01-13 14:32:57,IE00B3WJKG14,QDVE,"iShares S&P 500 Information Technology Sector (Acc)",,EOF26504085429,0.5241770000,31.9550000000,EUR,0.03970341,,"CZK",422.51,"CZK",,,,,,,,,0.63,"CZK",,,,
Deposit,2025-01-14 08:00:24,,,,"Bank Transfer",602982ea-2f07-494e-ba2b-f2e84ef5f3b6,,,,,,,10000.00,"CZK",,,,,,,,,,,,,,
Currency conversion,2025-01-14 09:05:11,,,,"10000.00 CZK -> 395.72 EUR",7AEDXZJ9QJZ692YA,,,,,,,-0.59,"EUR",,,,,10000.00,"CZK",395.72,"EUR",-0.59,"EUR",,,,
Card debit,2025-01-14 09:13:44,,,,,dcead487-1cb9-4761-8d42-81f10e79c784,,,,,,,-196.00,"EUR",,,,,,,,,,,"Revolut**7535*","SERVICE_PROVIDERS",,
Withdrawal,2025-01-14 16:01:57,,,,"Sent to Bank Account REVOLT21 / LT773250042064555023",5ff47715-baf1-421d-a2c0-fae8205b15ec,,,,,,,-200.00,"EUR",,,,,,,,,,,,,,
Deposit,2025-01-15 08:00:32,,,,"Bank Transfer",eb39ec5a-d914-49d1-83d2-03a4b6a75536,,,,,,,850.00,"CZK",,,,,,,,,,,,,,
Deposit,2025-01-27 08:15:33,,,,"Bank Transfer",69845aa5-4920-4615-9e4a-644cc9f1fd01,,,,,,,20000.00,"CZK",,,,,,,,,,,,,,
Currency conversion,2025-01-27 16:22:27,,,,"20000.00 CZK -> 797.38 EUR",DS7SZZKPJKR9UC8O,,,,,,,-1.20,"EUR",,,,,20000.00,"CZK",797.38,"EUR",-1.20,"EUR",,,,
Withdrawal,2025-01-27 16:29:23,,,,"Sent to Bank Account REVOLT21 / LT773250042064555023",95ba58d0-6f6d-4e2a-88a8-691f362091bd,,,,,,,-797.38,"EUR",,,,,,,,,,,,,,
Dividend (Dividend),2025-02-07 15:30:47,US57636Q1040,MA,"Mastercard",,,0.1199722000,0.646000,USD,24.12839676,,,1.87,"CZK",0.01,USD,,,,,,,,,,,,
Limit sell,2025-02-10 13:02:00,US05606L1008,BYDDY,"BYD",,EOF27952039841,0.1028780000,84.8200000000,USD,1.00000000,2.90,"USD",8.73,"USD",,,,,,,,,,,,,,
Deposit,2025-02-14 08:00:39,,,,"Bank Transfer",714c4d78-04b7-450e-bc56-5e486b3d42b9,,,,,,,850.00,"CZK",,,,,,,,,,,,,,
Lending interest,2025-02-18 03:54:30,,,,"Share lending interest",0fcc9d3e-74ea-4407-9e00-c9e12d040571,,,,,,,0.01,"CZK",,,,,,,,,,,,,,
Lending interest,2025-02-19 03:40:03,,,,"Share lending interest",ff598f9c-41d7-4a00-a0d3-05481ac0fece,,,,,,,0.03,"CZK",,,,,,,,,,,,,,
Lending interest,2025-02-20 03:58:28,,,,"Share lending interest",db074e21-77ef-42a1-9fe1-d34bc1d594b9,,,,,,,0.02,"CZK",,,,,,,,,,,,,,
Market buy,2025-02-20 08:06:14,GB00B63H8491,RR,"Rolls-Royce",,EOF28406731369,0.6159767000,637.8000000000,GBX,3.29782539,,"CZK",119.91,"CZK",,,0.60,"CZK",,,,,0.18,"CZK",,,,
Market buy,2025-02-20 08:06:14,GB0002634946,BA,"BAE Systems",,EOF28406731366,0.2007862700,1304.5000000000,GBX,3.29798148,,"CZK",79.94,"CZK",,,0.40,"CZK",,,,,0.12,"CZK",,,,
Market buy,2025-02-20 08:06:14,NL0000235190,AIR,"Airbus",,EOF28406731373,0.0190863000,166.4800000000,EUR,0.03980815,,"CZK",79.94,"CZK",,,,,,,,,0.12,"CZK",,,,
Market buy,2025-02-20 08:06:14,FR0000121329,HO,"Thales",,EOF28406731376,0.0172690000,183.4500000000,EUR,0.03980897,,"CZK",79.94,"CZK",,,,,,,,,0.12,"CZK",,,0.24,"CZK"
Market buy,2025-02-20 08:06:17,IE00B3XXRP09,VUSA,"Vanguard S&P 500 (Dist)",,EOF28406731644,0.0190150000,92.2700000000,GBP,0.03297338,,"CZK",53.29,"CZK",,,,,,,,,0.08,"CZK",,,,
Market buy,2025-02-20 08:06:19,IE00B3WJKG14,QDVE,"iShares S&P 500 Information Technology Sector (Acc)",,EOF28406731839,0.0640810000,33.0550000000,EUR,0.03980825,,"CZK",53.29,"CZK",,,,,,,,,0.08,"CZK",,,,
Market buy,2025-02-20 13:09:17,US05606L1008,BYDDY,"BYD",,EOF28450632804,0.0113160000,97.9000000000,USD,0.04164798,,"CZK",26.64,"CZK",,,,,,,,,0.04,"CZK",,,,
Market buy,2025-02-20 14:36:00,US5949181045,MSFT,"Microsoft",,EOF28452231367,0.0066912000,414.5400000000,USD,0.04169828,,"CZK",66.62,"CZK",,,,,,,,,0.10,"CZK",,,,
Market buy,2025-02-20 14:36:00,US9311421039,WMT,"Walmart",,EOF28452231382,0.0226520000,97.9500000000,USD,0.04169824,,"CZK",53.29,"CZK",,,,,,,,,0.08,"CZK",,,,
Market buy,2025-02-20 14:36:00,US47215P1066,JD,"JD.com",,EOF28452231400,0.0519620000,42.7000000000,USD,0.04169850,,"CZK",53.29,"CZK",,,,,,,,,0.08,"CZK",,,,
Market buy,2025-02-20 14:36:00,US0079031078,AMD,"Advanced Micro Devices",,EOF28452231403,0.0191473000,115.8800000000,USD,0.04169872,,"CZK",53.29,"CZK",,,,,,,,,0.08,"CZK",,,,
Market buy,2025-02-20 14:36:00,US0420682058,ARM,"ARM",,EOF28452231391,0.0289813000,153.1400000000,USD,0.04170061,,"CZK",106.59,"CZK",,,,,,,,,0.16,"CZK",,,,
Market buy,2025-02-20 14:36:00,US7731211089,RKLB,"Rocket Lab Corporation",,EOF28452231409,0.1096400000,25.3000000000,USD,0.04170012,,"CZK",66.62,"CZK",,,,,,,,,0.10,"CZK",,,,
Market buy,2025-02-20 14:36:00,US7475251036,QCOM,"Qualcomm",,EOF28452231425,0.0252027000,176.1000000000,USD,0.04170060,,"CZK",106.59,"CZK",,,,,,,,,0.16,"CZK",,,,
Market buy,2025-02-20 14:36:01,US02079K3059,GOOGL,"Alphabet (Class A)",,EOF28452231435,0.0150298000,184.5600000000,USD,0.04170023,,"CZK",66.62,"CZK",,,,,,,,,0.10,"CZK",,,,
Market buy,2025-02-20 14:36:05,US5324571083,LLY,"Eli Lilly & Co",,EOF28452231952,0.0012712000,872.5400000000,USD,0.04169822,,"CZK",26.64,"CZK",,,,,,,,,0.04,"CZK",,,,
Market buy,2025-02-20 14:36:06,US57636Q1040,MA,"Mastercard",,EOF28452231999,0.0078144000,567.9200000000,USD,0.04169833,,"CZK",106.59,"CZK",,,,,,,,,0.16,"CZK",,,,
Market buy,2025-02-20 14:36:06,US5398301094,LMT,"Lockheed Martin",,EOF28452232130,0.0064388000,430.7900000000,USD,0.04169829,,"CZK",66.62,"CZK",,,,,,,,,0.10,"CZK",,,,
Market buy,2025-02-20 14:36:08,US64110L1061,NFLX,"Netflix",,EOF28452232303,0.0026728700,1037.7200000000,USD,0.04169709,,"CZK",66.62,"CZK",,,,,,,,,0.10,"CZK",,,,
Lending interest,2025-02-24 03:36:01,,,,"Share lending interest",7095e2ae-36cb-4805-a850-237f7b63fb26,,,,,,,0.01,"CZK",,,,,,,,,,,,,,
Deposit,2025-02-27 08:15:24,,,,"Bank Transfer",5db7dde2-2865-4d38-bbff-4e09493acf64,,,,,,,10000.00,"CZK",,,,,,,,,,,,,,
Currency conversion,2025-02-27 11:29:57,,,,"10000.00 CZK -> 400.22 EUR",8NN9EQOF6ZV7N245,,,,,,,-0.60,"EUR",,,,,10000.00,"CZK",400.22,"EUR",-0.60,"EUR",,,,
Withdrawal,2025-02-27 12:31:00,,,,"Sent to Bank Account REVOLT21 / LT773250042064555023",c62d3be2-db5e-4cd2-8b74-8db77d1a692d,,,,,,,-400.00,"EUR",,,,,,,,,,,,,,
Lending interest,2025-03-07 03:59:08,,,,"Share lending interest",5225a652-5396-4253-8576-9be9deb88332,,,,,,,0.04,"CZK",,,,,,,,,,,,,,
Deposit,2025-03-10 09:15:52,,,,"Bank Transfer",e6a98287-e9e1-4693-af02-181bee0ba913,,,,,,,20000.00,"CZK",,,,,,,,,,,,,,
Dividend (Dividend),2025-03-10 11:47:45,US5324571083,LLY,"Eli Lilly & Co",,,0.0157136000,1.275000,USD,22.96000367,,,0.46,"CZK",0.00,USD,,,,,,,,,,,,
Currency conversion,2025-03-10 13:19:29,,,,"20000.00 CZK -> 801.60 EUR",8LB9O79D477CJWV1,,,,,,,-1.20,"EUR",,,,,20000.00,"CZK",801.60,"EUR",-1.20,"EUR",,,,
Withdrawal,2025-03-10 13:21:01,,,,"Sent to Bank Account REVOLT21 / LT773250042064555023",d9f067e6-f1bd-465b-a123-2ba729c13d7a,,,,,,,-800.00,"EUR",,,,,,,,,,,,,,
Dividend (Dividend),2025-03-13 09:13:18,US5949181045,MSFT,"Microsoft",,,0.0749377000,0.705500,USD,23.07610216,,,1.22,"CZK",0.01,USD,,,,,,,,,,,,
Deposit,2025-03-14 08:15:23,,,,"Bank Transfer",a8bd52e6-f798-4bbc-a83a-e4618e84eb48,,,,,,,850.00,"CZK",,,,,,,,,,,,,,
Dividend (Dividend),2025-03-17 14:22:21,US02079K3059,GOOGL,"Alphabet (Class A)",,,0.1658667000,0.170000,USD,23.05182059,,,0.65,"CZK",0.00,USD,,,,,,,,,,,,
Lending interest,2025-03-20 03:44:59,,,,"Share lending interest",3f5d0723-f239-43c8-917b-d085f9fc2084,,,,,,,0.07,"CZK",,,,,,,,,,,,,,
Market buy,2025-03-20 08:05:07,NL0000235190,AIR,"Airbus",,EOF29805061682,0.0176321000,170.2800000000,EUR,0.04002658,,"CZK",75.12,"CZK",,,,,,,,,0.11,"CZK",,,,
Market buy,2025-03-20 08:05:07,IE00B3WJKG14,QDVE,"iShares S&P 500 Information Technology Sector (Acc)",,EOF29805061688,0.0705720000,28.3650000000,EUR,0.04002749,,"CZK",50.09,"CZK",,,,,,,,,0.08,"CZK",,,,
Market buy,2025-03-20 08:05:07,IE00B3XXRP09,VUSA,"Vanguard S&P 500 (Dist)",,EOF29805061709,0.0201670000,83.2475000000,GBP,0.03357033,,"CZK",50.09,"CZK",,,,,,,,,0.08,"CZK",,,,
Market buy,2025-03-20 08:05:07,FR0000121329,HO,"Thales",,EOF29805061731,0.0121096000,247.2000000000,EUR,0.04002531,,"CZK",75.12,"CZK",,,,,,,,,0.11,"CZK",,,0.22,"CZK"
Market buy,2025-03-20 08:05:08,GB0002634946,BA,"BAE Systems",,EOF29805061777,0.1507646200,1662.0000000000,GBX,3.35705785,,"CZK",75.12,"CZK",,,0.37,"CZK",,,,,0.11,"CZK",,,,
Market buy,2025-03-20 08:05:09,GB00B63H8491,RR,"Rolls-Royce",,EOF29805061840,0.4619873000,813.6000000000,GBX,3.35690691,,"CZK",112.70,"CZK",,,0.56,"CZK",,,,,0.17,"CZK",,,,
Market buy,2025-03-20 12:05:37,US05606L1008,BYDDY,"BYD",,EOF29851110374,0.0099605000,108.9700000000,USD,0.04341582,,"CZK",25.04,"CZK",,,,,,,,,0.04,"CZK",,,,
Market buy,2025-03-20 13:35:24,US0079031078,AMD,"Advanced Micro Devices",,EOF29851146287,0.0203042000,106.4900000000,USD,0.04323523,,"CZK",50.09,"CZK",,,,,,,,,0.08,"CZK",,,,
Market buy,2025-03-20 13:35:24,US5949181045,MSFT,"Microsoft",,EOF29851146363,0.0070116000,385.4600000000,USD,0.04322922,,"CZK",62.61,"CZK",,,,,,,,,0.09,"CZK",,,,
Market buy,2025-03-20 13:35:24,US02079K3059,GOOGL,"Alphabet (Class A)",,EOF29851146401,0.0166033000,162.7800000000,USD,0.04322912,,"CZK",62.61,"CZK",,,,,,,,,0.09,"CZK",,,,
Market buy,2025-03-20 13:35:24,US7731211089,RKLB,"Rocket Lab Corporation",,EOF29851146407,0.1477690000,18.2900000000,USD,0.04322928,,"CZK",62.61,"CZK",,,,,,,,,0.09,"CZK",,,,
Market buy,2025-03-20 13:35:24,US9311421039,WMT,"Walmart",,EOF29851146440,0.0251760000,85.8800000000,USD,0.04323365,,"CZK",50.09,"CZK",,,,,,,,,0.08,"CZK",,,,
Market buy,2025-03-20 13:35:25,US64110L1061,NFLX,"Netflix",,EOF29851146456,0.0028231000,957.2900000000,USD,0.04323348,,"CZK",62.60,"CZK",,,,,,,,,0.09,"CZK",,,,
Market buy,2025-03-20 13:35:25,US5324571083,LLY,"Eli Lilly & Co",,EOF29851146474,0.0012854000,840.8600000000,USD,0.04323365,,"CZK",25.04,"CZK",,,,,,,,,0.04,"CZK",,,,
Market buy,2025-03-20 13:35:25,US47215P1066,JD,"JD.com",,EOF29851146484,0.0500500000,43.2000000000,USD,0.04323455,,"CZK",50.09,"CZK",,,,,,,,,0.08,"CZK",,,,
Market buy,2025-03-20 13:35:25,US7475251036,QCOM,"Qualcomm",,EOF29851146501,0.0275457000,156.9900000000,USD,0.04323102,,"CZK",100.18,"CZK",,,,,,,,,0.15,"CZK",,,,
Market buy,2025-03-20 13:35:25,US0420682058,ARM,"ARM",,EOF29851146585,0.0369796000,116.9400000000,USD,0.04323097,,"CZK",100.18,"CZK",,,,,,,,,0.15,"CZK",,,,
Market buy,2025-03-20 13:35:26,US5398301094,LMT,"Lockheed Martin",,EOF29851146642,0.0057432000,470.5500000000,USD,0.04323248,,"CZK",62.60,"CZK",,,,,,,,,0.09,"CZK",,,,
Market buy,2025-03-20 13:35:34,US57636Q1040,MA,"Mastercard",,EOF29851148383,0.0080728000,535.6700000000,USD,0.04323059,,"CZK",100.18,"CZK",,,,,,,,,0.15,"CZK",,,,
Lending interest,2025-03-21 03:45:13,,,,"Share lending interest",18beb7f2-7369-4462-bddc-06270a23994c,,,,,,,0.07,"CZK",,,,,,,,,,,,,,
Market sell,2025-03-21 08:00:04,FR0000121329,HO,"Thales",,EOF29854141271,0.0970365000,240.6000000000,EUR,0.03998113,210.27,"CZK",583.07,"CZK",,,,,,,,,0.88,"CZK",,,,
Market sell,2025-03-21 08:00:11,NL0000235190,AIR,"Airbus",,EOF29854141593,0.0060264000,166.1000000000,EUR,0.03997544,2.65,"CZK",25.00,"CZK",,,,,,,,,0.04,"CZK",,,,
Market sell,2025-03-21 08:00:31,GB0002634946,BA,"BAE Systems",,EOF29854142964,0.6592546100,1629.5000000000,GBX,3.34982502,68.45,"CZK",320.21,"CZK",,,,,,,,,0.48,"CZK",,,,
Market sell,2025-03-21 08:00:35,GB00B63H8491,RR,"Rolls-Royce",,EOF29854144151,1.9997453000,791.6000000000,GBX,3.34969397,195.91,"CZK",471.87,"CZK",,,,,,,,,0.71,"CZK",,,,
Market sell,2025-03-21 12:00:02,US05606L1008,BYDDY,"BYD",,EOF29855844797,0.0561010000,100.0000000000,USD,0.04341846,48.22,"CZK",129.02,"CZK",,,,,,,,,0.19,"CZK",,,,
Market sell,2025-03-21 13:30:01,US47215P1066,JD,"JD.com",,EOF29901409040,0.1119260000,42.0000000000,USD,0.04335416,24.54,"CZK",108.27,"CZK",,,,,,,,,0.16,"CZK",,,,
Market sell,2025-03-21 13:30:01,US64110L1061,NFLX,"Netflix",,EOF29901409043,0.0011538000,940.7000000000,USD,0.04334583,5.98,"CZK",25.00,"CZK",,,,,,,,,0.04,"CZK",,,,
Market buy,2025-03-21 13:30:08,US0079031078,AMD,"Advanced Micro Devices",,EOF29901421697,0.0388999000,105.3600000000,USD,0.04336571,,"CZK",94.65,"CZK",,,,,,,,,0.14,"CZK",,,,
Market buy,2025-03-21 13:30:08,US02079K3059,GOOGL,"Alphabet (Class A)",,EOF29901421700,0.0444627000,161.1100000000,USD,0.04336714,,"CZK",165.43,"CZK",,,,,,,,,0.25,"CZK",,,,
Market buy,2025-03-21 13:30:08,IE00B3XXRP09,VUSA,"Vanguard S&P 500 (Dist)",,EOF29901421712,0.0799420000,82.2675000000,GBP,0.03355080,,"CZK",196.31,"CZK",,,,,,,,,0.29,"CZK",,,,
Market buy,2025-03-21 13:30:08,US0420682058,ARM,"ARM",,EOF29901421725,0.0987591000,117.0200000000,USD,0.04336669,,"CZK",266.89,"CZK",,,,,,,,,0.40,"CZK",,,,
Market buy,2025-03-21 13:30:08,US7731211089,RKLB,"Rocket Lab Corporation",,EOF29901421728,0.6347040000,18.1100000000,USD,0.04336724,,"CZK",265.45,"CZK",,,,,,,,,0.40,"CZK",,,,
Market buy,2025-03-21 13:30:08,US9311421039,WMT,"Walmart",,EOF29901421736,0.0577630000,85.2400000000,USD,0.04336549,,"CZK",113.71,"CZK",,,,,,,,,0.17,"CZK",,,,
Market buy,2025-03-21 13:30:09,US7475251036,QCOM,"Qualcomm",,EOF29901421753,0.0266092000,155.5400000000,USD,0.04336541,,"CZK",95.58,"CZK",,,,,,,,,0.14,"CZK",,,,
Market buy,2025-03-21 13:30:09,US5949181045,MSFT,"Microsoft",,EOF29901421784,0.0129743000,383.4100000000,USD,0.04336567,,"CZK",114.88,"CZK",,,,,,,,,0.17,"CZK",,,,
Market buy,2025-03-21 13:30:09,IE00B3WJKG14,QDVE,"iShares S&P 500 Information Technology Sector (Acc)",,EOF29901421847,0.3091630000,27.8400000000,EUR,0.04003115,,"CZK",215.33,"CZK",,,,,,,,,0.32,"CZK",,,,
Market buy,2025-03-21 13:30:13,US57636Q1040,MA,"Mastercard",,EOF29901422148,0.0025304000,539.0000000000,USD,0.04336679,,"CZK",31.50,"CZK",,,,,,,,,0.05,"CZK",,,,
Market buy,2025-03-21 13:33:12,US5398301094,LMT,"Lockheed Martin",,EOF29901425530,0.0056486000,479.0000000000,USD,0.04336024,,"CZK",62.49,"CZK",,,,,,,,,0.09,"CZK",,,,
Market buy,2025-03-21 13:33:26,US5324571083,LLY,"Eli Lilly & Co",,EOF29901425638,0.0013413000,838.2000000000,USD,0.04335818,,"CZK",25.97,"CZK",,,,,,,,,0.04,"CZK",,,,
Lending interest,2025-03-26 03:46:31,,,,"Share lending interest",761bd4e0-5a06-4e9c-8c35-caddc044ed83,,,,,,,0.05,"CZK",,,,,,,,,,,,,,
Market buy,2025-03-27 08:03:41,VGG4392T1075,HE1,"Helium One Global",,EOF30155877216,196.0783300000,1.0200000000,GBX,100.00000000,,"GBP",2.00,"GBP",,,,,,,,,,,,,,
Dividend (Dividend),2025-03-27 13:05:17,US7475251036,QCOM,"Qualcomm",,,0.3494292000,0.722500,USD,23.09252962,,,5.83,"CZK",0.04,USD,,,,,,,,,,,,
Dividend (Dividend manufactured payment),2025-03-28 11:36:21,US5398301094,LMT,"Lockheed Martin",,,0.0752036000,2.805000,USD,23.13387185,,,4.88,"CZK",0.04,USD,,,,,,,,,,,,
Lending interest,2025-03-31 02:51:33,,,,"Share lending interest",1733ed73-d0fe-471c-834a-748551b2a46e,,,,,,,0.01,"CZK",,,,,,,,,,,,,,
Dividend (Dividend),2025-04-02 13:34:12,US67066G1040,NVDA,"Nvidia",,,0.0827313000,0.008500,USD,28.44076155,,,0.02,"CZK",0.00,USD,,,,,,,,,,,,
Dividend (Dividend),2025-04-02 14:15:33,IE00B3XXRP09,VUSA,"Vanguard S&P 500 (Dist)",,,0.1750730000,0.248279,GBP,29.90778094,,,1.30,"CZK",0.00,GBP,,,,,,,,,,,,
Lending interest,2025-04-04 02:32:38,,,,"Share lending interest",d7e49e8b-8246-48cf-a06d-f74c47c90443,,,,,,,0.03,"CZK",,,,,,,,,,,,,,
Dividend (Dividend),2025-04-07 11:42:45,US9311421039,WMT,"Walmart",,,0.2862069000,0.199750,USD,22.91418462,,,1.31,"CZK",0.01,USD,,,,,,,,,,,,
Deposit,2025-04-15 07:00:13,,,,"Bank Transfer",f2a123d6-acc6-43d9-87c5-b975cbe3497c,,,,,,,850.00,"CZK",,,,,,,,,,,,,,
Lending interest,2025-04-21 03:04:20,,,,"Share lending interest",2016cc87-07b2-46bf-9ece-0f4b80132faf,,,,,,,0.01,"CZK",,,,,,,,,,,,,,
Dividend (Dividend),2025-04-24 11:29:42,NL0000235190,AIR,"Airbus",,,0.2573658000,1.700000,EUR,24.98160891,,,10.93,"CZK",0.08,EUR,,,,,,,,,,,,
Dividend (Dividend),2025-04-24 11:44:31,NL0000235190,AIR,"Airbus",,,0.2573658000,0.850000,EUR,25.00446491,,,5.47,"CZK",0.04,EUR,,,,,,,,,,,,
Dividend (Dividend),2025-04-29 12:59:45,US47215P1066,JD,"JD.com",,,0.6844150000,1.000000,USD,21.91652725,,,15.00,"CZK",0.00,USD,,,,,,,,,,,,
Lending interest,2025-05-05 02:57:41,,,,"Share lending interest",369a9a85-6291-4b4f-8dce-44bb33547095,,,,,,,0.01,"CZK",,,,,,,,,,,,,,
Dividend (Dividend),2025-05-07 13:32:06,FR0000120644,BN,"Danone",,,0.0176650000,1.612500,EUR,24.92556340,,,0.71,"CZK",0.01,EUR,,,,,,,,,,,,
Dividend (Dividend),2025-05-09 13:41:46,US57636Q1040,MA,"Mastercard",,,0.1179489000,0.646000,USD,22.17993615,,,1.69,"CZK",0.01,USD,,,,,,,,,,,,
Lending interest,2025-05-12 02:43:24,,,,"Share lending interest",d449e733-456d-4d59-9201-5017662f9b41,,,,,,,0.01,"CZK",,,,,,,,,,,,,,
Deposit,2025-05-15 07:30:14,,,,"Bank Transfer",73235a03-3aae-4588-9865-109ff26e2b9d,,,,,,,850.00,"CZK",,,,,,,,,,,,,,
Lending interest,2025-05-19 02:49:46,,,,"Share lending interest",14295f6d-3f88-4e3b-a92b-370cc0650de6,,,,,,,0.01,"CZK",,,,,,,,,,,,,,
Market buy,2025-05-22 07:06:06,GB0002634946,BA,"BAE Systems",,EOF32957331217,0.1447040500,1826.0000000000,GBX,3.38755891,,"CZK",78.51,"CZK",,,0.39,"CZK",,,,,0.12,"CZK",,,,
Market buy,2025-05-22 07:06:06,NL0000235190,AIR,"Airbus",,EOF32957331228,0.0194409000,161.8800000000,EUR,0.04014661,,"CZK",78.51,"CZK",,,,,,,,,0.12,"CZK",,,,
Market buy,2025-05-22 07:06:07,FR0000121329,HO,"Thales",,EOF32957331265,0.0122877000,255.1000000000,EUR,0.04014590,,"CZK",78.51,"CZK",,,,,,,,,0.12,"CZK",,,0.31,"CZK"
Market buy,2025-05-22 07:06:07,GB00B63H8491,RR,"Rolls-Royce",,EOF32957331288,0.4793942000,826.6000000000,GBX,3.38718903,,"CZK",117.75,"CZK",,,0.58,"CZK",,,,,0.18,"CZK",,,,
Market buy,2025-05-22 07:06:08,IE00B3XXRP09,VUSA,"Vanguard S&P 500 (Dist)",,EOF32957331299,0.0213650000,82.8500100000,GBP,0.03387084,,"CZK",52.34,"CZK",,,,,,,,,0.08,"CZK",,,,
Market buy,2025-05-22 07:06:09,IE00B3WJKG14,QDVE,"iShares S&P 500 Information Technology Sector (Acc)",,EOF32957331388,0.0719630000,29.1550000000,EUR,0.04014698,,"CZK",52.34,"CZK",,,,,,,,,0.08,"CZK",,,,
Market buy,2025-05-22 12:05:53,US05606L1008,BYDDY,"BYD",,EOF33000641441,0.0100559000,117.8800000000,USD,0.04536507,,"CZK",26.17,"CZK",,,,,,,,,0.04,"CZK",,,,
Dividend (Dividend),2025-05-22 12:14:59,FR0000121329,HO,"Thales",,,0.1891619000,2.137500,EUR,24.88044764,,,10.06,"CZK",0.13,EUR,,,,,,,,,,,,
Market buy,2025-05-22 13:35:31,US5949181045,MSFT,"Microsoft",,EOF33002194950,0.0051938000,456.1200000000,USD,0.04533096,,"CZK",52.34,"CZK",,,,,,,,,0.08,"CZK",,,,
Market buy,2025-05-22 13:35:31,US02079K3059,GOOGL,"Alphabet (Class A)",,EOF33002194961,0.0138287000,171.3100000000,USD,0.04533093,,"CZK",52.34,"CZK",,,,,,,,,0.08,"CZK",,,,
Market buy,2025-05-22 13:35:31,US7731211089,RKLB,"Rocket Lab Corporation",,EOF33002195000,0.0979730000,24.1800000000,USD,0.04533079,,"CZK",52.34,"CZK",,,,,,,,,0.08,"CZK",,,,
Market buy,2025-05-22 13:35:31,US5128073062,LRCX,"Lam Research",,EOF33002194989,0.0143950000,82.2800000000,USD,0.04532799,,"CZK",26.17,"CZK",,,,,,,,,0.04,"CZK",,,,
Market buy,2025-05-22 13:35:31,US47215P1066,JD,"JD.com",,EOF33002195027,0.0531250000,33.4400000000,USD,0.04533044,,"CZK",39.25,"CZK",,,,,,,,,0.06,"CZK",,,,
Market buy,2025-05-22 13:35:31,US76655K1034,RGTI,"Rigetti Computing",,EOF33002195030,0.1070970000,11.0600000000,USD,0.04533076,,"CZK",26.17,"CZK",,,,,,,,,0.04,"CZK",,,,
Market buy,2025-05-22 13:35:32,US9311421039,WMT,"Walmart",,EOF33002195070,0.0244600000,96.8500000000,USD,0.04533009,,"CZK",52.34,"CZK",,,,,,,,,0.08,"CZK",,,,
Market buy,2025-05-22 13:35:32,US0079031078,AMD,"Advanced Micro Devices",,EOF33002195100,0.0211934000,111.7800000000,USD,0.04533100,,"CZK",52.34,"CZK",,,,,,,,,0.08,"CZK",,,,
Market buy,2025-05-22 13:35:32,US5324571083,LLY,"Eli Lilly & Co",,EOF33002195115,0.0016587000,714.0900000000,USD,0.04532954,,"CZK",26.17,"CZK",,,,,,,,,0.04,"CZK",,,,
Market buy,2025-05-22 13:35:32,US0420682058,ARM,"ARM",,EOF33002195131,0.0364609000,129.9500000000,USD,0.04533193,,"CZK",104.68,"CZK",,,,,,,,,0.16,"CZK",,,,
Market buy,2025-05-22 13:35:32,US7475251036,QCOM,"Qualcomm",,EOF33002195158,0.0276920000,149.7000000000,USD,0.04533069,,"CZK",91.59,"CZK",,,,,,,,,0.14,"CZK",,,,
Market buy,2025-05-22 13:35:34,CH0334081137,CRSP,"CRISPR Therapeutics",,EOF33002195444,0.0317360000,37.3200000000,USD,0.04532673,,"CZK",26.17,"CZK",,,,,,,,,0.04,"CZK",,,,
Market buy,2025-05-22 13:35:34,US5398301094,LMT,"Lockheed Martin",,EOF33002195508,0.0050395000,470.0400000000,USD,0.04532657,,"CZK",52.34,"CZK",,,,,,,,,0.08,"CZK",,,,
Market buy,2025-05-22 13:35:34,US64110L1061,NFLX,"Netflix",,EOF33002195505,0.0024818100,1193.0000000000,USD,0.04532760,,"CZK",65.42,"CZK",,,,,,,,,0.10,"CZK",,,,
Market buy,2025-05-22 13:35:35,US57636Q1040,MA,"Mastercard",,EOF33002195713,0.0083192000,569.4600000000,USD,0.04532579,,"CZK",104.68,"CZK",,,,,,,,,0.16,"CZK",,,,
Market sell,2025-05-23 07:00:30,FR0000121329,HO,"Thales",,EOF33006083905,0.0041443000,259.1000000000,EUR,0.04015662,10.15,"CZK",26.70,"CZK",,,,,,,,,0.04,"CZK",,,,
Market sell,2025-05-23 07:00:31,GB00B63H8491,RR,"Rolls-Royce",,EOF33006084437,0.1003906000,842.4000000000,GBX,3.37735788,10.51,"CZK",25.00,"CZK",,,,,,,,,0.04,"CZK",,,,
Market sell,2025-05-23 07:00:31,GB0002634946,BA,"BAE Systems",,EOF33006084573,0.1440716900,1849.5000000000,GBX,3.37762188,22.44,"CZK",78.77,"CZK",,,,,,,,,0.12,"CZK",,,,
Market sell,2025-05-23 07:04:10,IE00B3WJKG14,QDVE,"iShares S&P 500 Information Technology Sector (Acc)",,EOF33006095545,0.0346160000,29.0500000000,EUR,0.04015953,-1.33,"CZK",25.00,"CZK",,,,,,,,,0.04,"CZK",,,,
Market sell,2025-05-23 13:30:01,US64110L1061,NFLX,"Netflix",,EOF33052908515,0.0053303900,1183.5900000000,USD,0.04551945,47.69,"CZK",138.39,"CZK",,,,,,,,,0.21,"CZK",,,,
Market sell,2025-05-23 13:30:01,US5949181045,MSFT,"Microsoft",,EOF33052911484,0.0255291000,449.6000000000,USD,0.04552006,8.70,"CZK",251.77,"CZK",,,,,,,,,0.38,"CZK",,,,
Market sell,2025-05-23 13:30:03,US0420682058,ARM,"ARM",,EOF33052917594,0.0090452000,126.0000000000,USD,0.04551498,1.25,"CZK",25.00,"CZK",,,,,,,,,0.04,"CZK",,,,
Market sell,2025-05-23 13:30:03,US7731211089,RKLB,"Rocket Lab Corporation",,EOF33052917597,0.8147410000,25.3300000000,USD,0.04552097,152.22,"CZK",452.68,"CZK",,,,,,,,,0.68,"CZK",,,,
Market sell,2025-05-23 13:30:04,US5398301094,LMT,"Lockheed Martin",,EOF33052925129,0.0117828000,467.0000000000,USD,0.04552090,-11.14,"CZK",120.70,"CZK",,,,,,,,,0.18,"CZK",,,,
Market sell,2025-05-23 13:30:04,US02079K3059,GOOGL,"Alphabet (Class A)",,EOF33052925200,0.0429774000,169.0700000000,USD,0.04552179,-27.74,"CZK",159.38,"CZK",,,,,,,,,0.24,"CZK",,,,
Market sell,2025-05-23 13:30:06,US9311421039,WMT,"Walmart",,EOF33052930045,0.0126790000,95.2500000000,USD,0.04552109,3.01,"CZK",26.49,"CZK",,,,,,,,,0.04,"CZK",,,,
Market buy,2025-05-23 13:30:31,IE00B3XXRP09,VUSA,"Vanguard S&P 500 (Dist)",,EOF33052937854,0.0111520000,81.2050000000,GBP,0.03374061,,"CZK",26.88,"CZK",,,,,,,,,0.04,"CZK",,,,
Market buy,2025-05-23 13:30:31,US76655K1034,RGTI,"Rigetti Computing",,EOF33052937865,1.2164950000,12.8400000000,USD,0.04552947,,"CZK",343.58,"CZK",,,,,,,,,0.51,"CZK",,,,
Market buy,2025-05-23 13:30:31,US5324571083,LLY,"Eli Lilly & Co",,EOF33052937876,0.0047035000,713.0000000000,USD,0.04552804,,"CZK",73.77,"CZK",,,,,,,,,0.11,"CZK",,,,
Market buy,2025-05-23 13:30:31,NL0000235190,AIR,"Airbus",,EOF33052937911,0.0221987000,155.8600000000,EUR,0.04021256,,"CZK",86.17,"CZK",,,,,,,,,0.13,"CZK",,,,
Market buy,2025-05-23 13:30:32,US5128073062,LRCX,"Lam Research",,EOF33052937977,0.1978600000,80.3500000000,USD,0.04552967,,"CZK",349.70,"CZK",,,,,,,,,0.52,"CZK",,,,
Market buy,2025-05-23 13:30:37,CH0334081137,CRSP,"CRISPR Therapeutics",,EOF33052938229,0.4314080000,36.8500000000,USD,0.04553167,,"CZK",349.67,"CZK",,,,,,,,,0.52,"CZK",,,,
Lending interest,2025-05-27 02:51:37,,,,"Share lending interest",0c0981ca-55b6-4074-ae62-0951f3923176,,,,,,,0.01,"CZK",,,,,,,,,,,,,,
Dividend (Dividend),2025-05-27 12:12:59,US9311421039,WMT,"Walmart",,,0.3439699000,0.199750,USD,21.83152285,,,1.50,"CZK",0.01,USD,,,,,,,,,,,,
Lending interest,2025-05-28 02:44:07,,,,"Share lending interest",f0d703ed-cf07-4b10-8d72-dcaf32ccd573,,,,,,,0.01,"CZK",,,,,,,,,,,,,,
Lending interest,2025-05-29 02:59:40,,,,"Share lending interest",edf60021-21ff-4fce-8b15-109a4b80c1bc,,,,,,,0.01,"CZK",,,,,,,,,,,,,,
Lending interest,2025-05-30 02:49:23,,,,"Share lending interest",e313b34e-41f1-4b11-842a-019de5b2ddf5,,,,,,,0.01,"CZK",,,,,,,,,,,,,,
Lending interest,2025-05-31 03:02:36,,,,"Share lending interest",be408306-b4a1-40e8-aff2-796765407205,,,,,,,0.01,"CZK",,,,,,,,,,,,,,
Lending interest,2025-06-02 03:01:09,,,,"Share lending interest",c4fc6117-9c3b-4da8-bc85-b8de139345c2,,,,,,,0.03,"CZK",,,,,,,,,,,,,,
Dividend (Dividend),2025-06-02 12:05:45,GB0002634946,BA,"BAE Systems",,,2.3166178100,20.600000,GBX,0.29566873,,,14.11,"CZK",0.00,GBX,,,,,,,,,,,,
Market buy,2025-06-02 16:39:56,US8740391003,TSM,"Taiwan Semiconductor Manufacturing",,EOF33560397221,0.0412387000,193.9900000000,USD,1.00000000,,"USD",8.00,"USD",,,,,,,,,,,,,,
Lending interest,2025-06-03 03:07:17,,,,"Share lending interest",930257ef-74a2-4a97-ac92-4d0f7ffa5a22,,,,,,,0.01,"CZK",,,,,,,,,,,,,,
Lending interest,2025-06-04 02:55:41,,,,"Share lending interest",fd335a4e-93c1-41ce-bf12-a08d80f6f144,,,,,,,0.01,"CZK",,,,,,,,,,,,,,
Lending interest,2025-06-05 03:02:00,,,,"Share lending interest",b9ab61ec-5584-4eda-aa01-8738190ebd56,,,,,,,0.01,"CZK",,,,,,,,,,,,,,
Lending interest,2025-06-06 02:54:34,,,,"Share lending interest",10b36652-30aa-4f79-935e-eea97f153401,,,,,,,0.01,"CZK",,,,,,,,,,,,,,
Lending interest,2025-06-07 02:48:05,,,,"Share lending interest",9e364b06-b035-44bf-a744-af7f80a67b80,,,,,,,0.01,"CZK",,,,,,,,,,,,,,
Lending interest,2025-06-09 02:56:15,,,,"Share lending interest",09356f36-d17b-42dc-b370-4ce456700963,,,,,,,0.02,"CZK",,,,,,,,,,,,,,
Lending interest,2025-06-10 03:07:58,,,,"Share lending interest",04c84440-3eb4-454c-9766-851e98838b00,,,,,,,0.01,"CZK",,,,,,,,,,,,,,
Dividend (Dividend),2025-06-10 13:49:33,US5324571083,LLY,"Eli Lilly & Co",,,0.0196115000,1.275000,USD,21.59597235,,,0.54,"CZK",0.00,USD,,,,,,,,,,,,
Lending interest,2025-06-11 02:38:47,,,,"Share lending interest",f3d82d71-dc21-4b48-a681-b7dbf135b2c5,,,,,,,0.01,"CZK",,,,,,,,,,,,,,
Lending interest,2025-06-12 02:57:59,,,,"Share lending interest",4493d098-2395-4420-869b-5ea837596338,,,,,,,0.01,"CZK",,,,,,,,,,,,,,
Dividend (Dividend),2025-06-12 12:13:47,US5949181045,MSFT,"Microsoft",,,0.1016148000,0.705500,USD,21.48160546,,,1.54,"CZK",0.01,USD,,,,,,,,,,,,
Lending interest,2025-06-13 02:42:42,,,,"Share lending interest",65af834b-3476-4ba2-b68b-a7ae40dcef5c,,,,,,,0.01,"CZK",,,,,,,,,,,,,,
Deposit,2025-06-13 07:15:11,,,,"Bank Transfer",aedb426f-3a17-4aad-8ec6-0cce32c5071b,,,,,,,850.00,"CZK",,,,,,,,,,,,,,
Lending interest,2025-06-14 02:48:54,,,,"Share lending interest",d993362d-0297-4359-9ef3-966ea59682e8,,,,,,,0.01,"CZK",,,,,,,,,,,,,,
Lending interest,2025-06-16 02:45:17,,,,"Share lending interest",dbf4facb-dabe-4612-bd00-1f92df973f22,,,,,,,0.02,"CZK",,,,,,,,,,,,,,
Dividend (Dividend),2025-06-16 12:49:50,US02079K3059,GOOGL,"Alphabet (Class A)",,,0.1977840000,0.178500,USD,21.52703495,,,0.76,"CZK",0.01,USD,,,,,,,,,,,,
Dividend (Dividend),2025-06-16 13:51:37,GB00B63H8491,RR,"Rolls-Royce",,,7.4175218000,6.000000,GBX,0.29097768,,,12.95,"CZK",0.00,GBX,,,,,,,,,,,,
Lending interest,2025-06-18 02:57:50,,,,"Share lending interest",12ebc430-105c-4c6a-afef-52635e768d99,,,,,,,0.01,"CZK",,,,,,,,,,,,,,
Lending interest,2025-06-19 03:01:13,,,,"Share lending interest",a291ac1b-7177-445a-a5ff-39e018bec877,,,,,,,0.02,"CZK",,,,,,,,,,,,,,
Market buy,2025-06-19 07:05:08,GB0002634946,BA,"BAE Systems",,EOF34356473429,0.1470864000,1936.5000000000,GBX,3.44708717,,"CZK",83.17,"CZK",,,0.42,"CZK",,,,,0.12,"CZK",,,,
Market buy,2025-06-19 07:05:09,GB00B63H8491,RR,"Rolls-Royce",,EOF34356473579,0.4798821600,890.4000000000,GBX,3.44725353,,"CZK",124.76,"CZK",,,0.62,"CZK",,,,,0.19,"CZK",,,,
Market buy,2025-06-19 07:05:09,NL0000235190,AIR,"Airbus",,EOF34356473576,0.0205509000,162.8000000000,EUR,0.04029005,,"CZK",83.16,"CZK",,,,,,,,,0.12,"CZK",,,,
Market buy,2025-06-19 07:05:09,IE00B3WJKG14,QDVE,"iShares S&P 500 Information Technology Sector (Acc)",,EOF34356473689,0.0741920000,30.0650000000,EUR,0.04028503,,"CZK",55.45,"CZK",,,,,,,,,0.08,"CZK",,,,
Market buy,2025-06-19 07:05:10,IE00B3XXRP09,VUSA,"Vanguard S&P 500 (Dist)",,EOF34356473764,0.0226373700,84.3200100000,GBP,0.03447323,,"CZK",55.45,"CZK",,,,,,,,,0.08,"CZK",,,,
Market buy,2025-06-19 07:05:10,FR0000121329,HO,"Thales",,EOF34356473850,0.0133841800,249.0000000000,EUR,0.04028845,,"CZK",83.17,"CZK",,,,,,,,,0.12,"CZK",,,0.33,"CZK"
Lending interest,2025-06-20 02:58:30,,,,"Share lending interest",fc5b0690-883b-4e22-9014-f61bce86b27f,,,,,,,0.02,"CZK",,,,,,,,,,,,,,
Market buy,2025-06-20 12:06:17,US05606L1008,BYDDY,"BYD",,EOF34450642303,0.0132102000,97.2000000000,USD,0.04638841,,"CZK",27.72,"CZK",,,,,,,,,0.04,"CZK",,,,
Market buy,2025-06-20 13:35:14,US76655K1034,RGTI,"Rigetti Computing",,EOF34453472520,0.1123856500,11.4300000000,USD,0.04640780,,"CZK",27.72,"CZK",,,,,,,,,0.04,"CZK",,,,
Market buy,2025-06-20 13:35:14,US47215P1066,JD,"JD.com",,EOF34453472517,0.0603839500,31.9100000000,USD,0.04640779,,"CZK",41.58,"CZK",,,,,,,,,0.06,"CZK",,,,
Market buy,2025-06-20 13:35:14,US57636Q1040,MA,"Mastercard",,EOF34453472577,0.0096061900,534.9400000000,USD,0.04640779,,"CZK",110.90,"CZK",,,,,,,,,0.17,"CZK",,,,
Market buy,2025-06-20 13:35:14,US9311421039,WMT,"Walmart",,EOF34453472646,0.0267471600,96.0700000000,USD,0.04640779,,"CZK",55.45,"CZK",,,,,,,,,0.08,"CZK",,,,
Market buy,2025-06-20 13:35:14,US5128073062,LRCX,"Lam Research",,EOF34453472699,0.0138872200,92.5000000000,USD,0.04640779,,"CZK",27.72,"CZK",,,,,,,,,0.04,"CZK",,,,
Market buy,2025-06-20 13:35:14,US0079031078,AMD,"Advanced Micro Devices",,EOF34453472687,0.0196904200,130.5000000000,USD,0.04640779,,"CZK",55.45,"CZK",,,,,,,,,0.08,"CZK",,,,
Market buy,2025-06-20 13:35:14,US64110L1061,NFLX,"Netflix",,EOF34453472684,0.0025924800,1238.9200000000,USD,0.04640767,,"CZK",69.31,"CZK",,,,,,,,,0.10,"CZK",,,,
Market buy,2025-06-20 13:35:14,US02079K3059,GOOGL,"Alphabet (Class A)",,EOF34453472640,0.0148018400,173.6000000000,USD,0.04640779,,"CZK",55.45,"CZK",,,,,,,,,0.08,"CZK",,,,
Market buy,2025-06-20 13:35:15,US5949181045,MSFT,"Microsoft",,EOF34453472819,0.0053196600,483.0400000000,USD,0.04640795,,"CZK",55.45,"CZK",,,,,,,,,0.08,"CZK",,,,
Market buy,2025-06-20 13:35:15,US5324571083,LLY,"Eli Lilly & Co",,EOF34453472928,0.0016643800,771.8000000000,USD,0.04640782,,"CZK",27.72,"CZK",,,,,,,,,0.04,"CZK",,,,
Market buy,2025-06-20 13:35:15,US0420682058,ARM,"ARM",,EOF34453472898,0.0352404300,145.8200000000,USD,0.04640801,,"CZK",110.90,"CZK",,,,,,,,,0.17,"CZK",,,,
Market buy,2025-06-20 13:35:15,US7731211089,RKLB,"Rocket Lab Corporation",,EOF34453472975,0.0913152800,28.1400000000,USD,0.04640801,,"CZK",55.45,"CZK",,,,,,,,,0.08,"CZK",,,,
Market buy,2025-06-20 13:35:17,US7475251036,QCOM,"Qualcomm",,EOF34453473357,0.0290563600,154.7500000000,USD,0.04640800,,"CZK",97.04,"CZK",,,,,,,,,0.15,"CZK",,,,
Market buy,2025-06-20 13:35:18,US5398301094,LMT,"Lockheed Martin",,EOF34453474298,0.0055173800,465.7300000000,USD,0.04640797,,"CZK",55.45,"CZK",,,,,,,,,0.08,"CZK",,,,
Market buy,2025-06-20 13:35:35,CH0334081137,CRSP,"CRISPR Therapeutics",,EOF34453482941,0.0286070100,44.9000000000,USD,0.04640371,,"CZK",27.72,"CZK",,,,,,,,,0.04,"CZK",,,,
Lending interest,2025-06-21 02:59:51,,,,"Share lending interest",2e6557ff-095e-496e-8da4-6b8691bd0be3,,,,,,,0.01,"CZK",,,,,,,,,,,,,,
Lending interest,2025-06-23 02:57:37,,,,"Share lending interest",b54ff71f-1222-4e14-a019-30ee0238a6e7,,,,,,,0.02,"CZK",,,,,,,,,,,,,,
Lending interest,2025-06-24 03:05:55,,,,"Share lending interest",ed15b45e-c5f2-4067-9541-638367c711be,,,,,,,0.02,"CZK",,,,,,,,,,,,,,
Lending interest,2025-06-25 02:53:17,,,,"Share lending interest",2e9f1191-d523-4df3-8a81-420149e920fd,,,,,,,0.02,"CZK",,,,,,,,,,,,,,
Lending interest,2025-06-26 02:45:54,,,,"Share lending interest",3ccffa71-d355-4dab-87be-0b2593a80875,,,,,,,0.01,"CZK",,,,,,,,,,,,,,
Dividend (Dividend),2025-06-26 12:48:01,US7475251036,QCOM,"Qualcomm",,,0.4312761000,0.756500,USD,21.17940345,,,6.91,"CZK",0.06,USD,,,,,,,,,,,,
Lending interest,2025-06-27 02:47:40,,,,"Share lending interest",fe7baffa-f383-44af-8648-8afa48b93293,,,,,,,0.02,"CZK",,,,,,,,,,,,,,
Dividend (Dividend),2025-06-27 14:53:18,US5398301094,LMT,"Lockheed Martin",,,0.0798521000,2.805000,USD,21.11747229,,,4.73,"CZK",0.04,USD,,,,,,,,,,,,
Lending interest,2025-06-28 02:43:38,,,,"Share lending interest",cbf197a4-756d-4c2c-9bf6-ce50ae2c5b10,,,,,,,0.03,"CZK",,,,,,,,,,,,,,
Lending interest,2025-06-30 03:00:32,,,,"Share lending interest",d8573e9d-a742-4e7e-8319-cb805476d682,,,,,,,0.04,"CZK",,,,,,,,,,,,,,
Lending interest,2025-07-01 02:58:10,,,,"Share lending interest",f954fcab-f166-4fc1-9236-9df5fd582422,,,,,,,0.03,"CZK",,,,,,,,,,,,,,
Lending interest,2025-07-02 03:05:43,,,,"Share lending interest",00c83ab5-c921-440a-9410-00db478a4bc7,,,,,,,0.03,"CZK",,,,,,,,,,,,,,
Dividend (Dividend),2025-07-02 12:08:45,IE00B3XXRP09,VUSA,"Vanguard S&P 500 (Dist)",,,0.3076990000,0.227797,GBP,28.81889232,,,2.02,"CZK",-0.00,GBP,,,,,,,,,,,,
Lending interest,2025-07-03 03:06:40,,,,"Share lending interest",18de2078-aaab-465f-84a4-2f3c8f59b5b0,,,,,,,0.05,"CZK",,,,,,,,,,,,,,
Dividend (Dividend),2025-07-03 12:55:27,US67066G1040,NVDA,"Nvidia",,,0.0827313000,0.008500,USD,14.22038077,,,0.01,"CZK",0.00,USD,,,,,,,,,,,,
Lending interest,2025-07-04 03:07:18,,,,"Share lending interest",37438405-16e4-45eb-aea6-9368df5ed01e,,,,,,,0.05,"CZK",,,,,,,,,,,,,,
Lending interest,2025-07-05 02:53:38,,,,"Share lending interest",359b79ed-3d8b-4d27-a5c2-49a9d28c9776,,,,,,,0.05,"CZK",,,,,,,,,,,,,,
Lending interest,2025-07-07 02:53:04,,,,"Share lending interest",b6f41b23-a17f-4223-9709-f7b423d50ab5,,,,,,,0.13,"CZK",,,,,,,,,,,,,,
Lending interest,2025-07-08 03:04:14,,,,"Share lending interest",0110cc1b-9b25-4ab1-8de1-dbbbd3aa29c7,,,,,,,0.05,"CZK",,,,,,,,,,,,,,
Lending interest,2025-07-09 03:02:25,,,,"Share lending interest",7e151b98-559b-4ac3-b96f-630dfbea0ff0,,,,,,,0.04,"CZK",,,,,,,,,,,,,,
Dividend (Dividend),2025-07-09 12:31:41,US5128073062,LRCX,"Lam Research",,,0.2122550000,0.195500,USD,20.96595075,,,0.87,"CZK",0.01,USD,,,,,,,,,,,,
Lending interest,2025-07-10 03:13:06,,,,"Share lending interest",9bf6360b-830c-495a-9326-7a4940b70005,,,,,,,0.04,"CZK",,,,,,,,,,,,,,
Dividend (Dividend),2025-07-10 13:28:09,US8740391003,TSM,"Taiwan Semiconductor Manufacturing",,,0.0412387000,0.616441,USD,20.84871953,,,0.53,"CZK",0.01,USD,,,,,,,,,,,,
Lending interest,2025-07-11 02:59:28,,,,"Share lending interest",e5bb9104-7148-4757-b22f-ca8a49408078,,,,,,,0.04,"CZK",,,,,,,,,,,,,,
Lending interest,2025-07-12 02:45:56,,,,"Share lending interest",39a69165-9cc7-4dcb-a9d6-e1941eeea643,,,,,,,0.04,"CZK",,,,,,,,,,,,,,
Lending interest,2025-07-14 02:44:24,,,,"Share lending interest",6d86472e-079e-4ff9-a309-55dac83591ad,,,,,,,0.09,"CZK",,,,,,,,,,,,,,
Lending interest,2025-07-15 03:00:59,,,,"Share lending interest",13f97382-57ca-4d00-8be2-4dc7884558b8,,,,,,,0.03,"CZK",,,,,,,,,,,,,,
Deposit,2025-07-15 07:00:19,,,,"Bank Transfer",2e530008-04aa-4941-a1d9-8ec2e7e2e91b,,,,,,,850.00,"CZK",,,,,,,,,,,,,,
Lending interest,2025-07-16 03:07:48,,,,"Share lending interest",37799328-e7f9-4ba3-abe0-21bbea937e89,,,,,,,0.05,"CZK",,,,,,,,,,,,,,
Lending interest,2025-07-17 02:59:57,,,,"Share lending interest",19fbd70a-27f4-4af2-95c4-871e09123292,,,,,,,0.04,"CZK",,,,,,,,,,,,,,
Lending interest,2025-07-18 02:46:38,,,,"Share lending interest",fdde99d1-3881-43f5-95ba-565b7b40b4a5,,,,,,,0.03,"CZK",,,,,,,,,,,,,,
Lending interest,2025-07-19 02:47:05,,,,"Share lending interest",5dc80df4-8a6e-4f2e-8731-00ef30df45ce,,,,,,,0.04,"CZK",,,,,,,,,,,,,,
Lending interest,2025-07-21 03:02:18,,,,"Share lending interest",c6cf9709-9d66-4d09-bad7-f63aa70e9d58,,,,,,,0.08,"CZK",,,,,,,,,,,,,,
Lending interest,2025-07-22 02:51:24,,,,"Share lending interest",336d5fb3-ed42-4554-a413-19a534e4e83f,,,,,,,0.04,"CZK",,,,,,,,,,,,,,
Lending interest,2025-07-23 03:01:59,,,,"Share lending interest",d4f388c0-b4b2-4aa0-8683-beb0f3124448,,,,,,,0.04,"CZK",,,,,,,,,,,,,,
Lending interest,2025-07-24 03:08:30,,,,"Share lending interest",f6fb9dc5-c4d0-47bb-907e-f2f8d33b63df,,,,,,,0.04,"CZK",,,,,,,,,,,,,,
Lending interest,2025-07-25 03:01:33,,,,"Share lending interest",308030f1-b6a5-4038-a905-af2ee22867c0,,,,,,,0.01,"CZK",,,,,,,,,,,,,,
Lending interest,2025-07-26 02:50:20,,,,"Share lending interest",c0ec9e75-942c-4ebd-b582-333a72ffaff3,,,,,,,0.04,"CZK",,,,,,,,,,,,,,
Lending interest,2025-07-28 02:47:25,,,,"Share lending interest",3750c650-b042-49df-8216-3f85bf802ac2,,,,,,,0.06,"CZK",,,,,,,,,,,,,,
Market sell,2025-07-28 17:28:11,US0079031078,AMD,"Advanced Micro Devices",,EOF36363853377,0.0785674500,172.6100000000,USD,0.04716068,71.53,"CZK",287.13,"CZK",,,,,,,,,0.43,"CZK",,,,
Market sell,2025-07-28 17:28:11,US5324571083,LLY,"Eli Lilly & Co",,EOF36363853381,0.0014496100,814.6400000000,USD,0.04716095,-1.30,"CZK",25.00,"CZK",,,,,,,,,0.04,"CZK",,,,
Market sell,2025-07-28 17:28:11,US7731211089,RKLB,"Rocket Lab Corporation",,EOF36363853385,0.4562570500,44.6600000000,USD,0.04716113,260.50,"CZK",431.41,"CZK",,,,,,,,,0.65,"CZK",,,,
Market sell,2025-07-28 17:28:12,US5128073062,LRCX,"Lam Research",,EOF36363853391,0.0170974200,98.2800000000,USD,0.04716066,5.16,"CZK",35.58,"CZK",,,,,,,,,0.05,"CZK",,,,
Market sell,2025-07-28 17:28:14,US5949181045,MSFT,"Microsoft",,EOF36363853398,0.0023086100,511.5200000000,USD,0.04716055,2.90,"CZK",25.00,"CZK",,,,,,,,,0.04,"CZK",,,,
Market sell,2025-07-28 17:28:17,US76655K1034,RGTI,"Rigetti Computing",,EOF36363853424,0.1002969000,15.3900000000,USD,0.04716068,5.01,"CZK",32.68,"CZK",,,,,,,,,0.05,"CZK",,,,
Market sell,2025-07-28 17:28:20,CH0334081137,CRSP,"CRISPR Therapeutics",,EOF36363853434,0.1733294200,64.5200000000,USD,0.04716068,95.10,"CZK",236.77,"CZK",,,,,,,,,0.36,"CZK",,,,
Market sell,2025-07-28 17:28:36,US0420682058,ARM,"ARM",,EOF36363853560,0.0561168300,163.2900000000,USD,0.04715823,45.40,"CZK",194.02,"CZK",,,,,,,,,0.29,"CZK",,,,
Lending interest,2025-07-29 02:50:26,,,,"Share lending interest",079730b2-fe74-4bfa-a694-166e689925b1,,,,,,,0.01,"CZK",,,,,,,,,,,,,,
Market sell,2025-07-29 07:00:19,NL0000235190,AIR,"Airbus",,EOF36364818233,0.0057168300,178.0000000000,EUR,0.04063880,3.51,"CZK",25.00,"CZK",,,,,,,,,0.04,"CZK",,,,
Market sell,2025-07-29 07:00:54,GB00B63H8491,RR,"Rolls-Royce",,EOF36364830817,0.2176960700,981.8000000000,GBX,3.51883440,27.79,"CZK",60.65,"CZK",,,,,,,,,0.09,"CZK",,,,
Market buy,2025-07-29 07:00:56,FR0000121329,HO,"Thales",,EOF36364831380,0.0428812600,231.6000000000,EUR,0.04065040,,"CZK",245.66,"CZK",,,,,,,,,0.37,"CZK",,,0.98,"CZK"
Market buy,2025-07-29 07:00:57,IE00B3XXRP09,VUSA,"Vanguard S&P 500 (Dist)",,EOF36364831404,0.0098432600,90.9850000000,GBP,0.03521781,,"CZK",25.47,"CZK",,,,,,,,,0.04,"CZK",,,,
Market buy,2025-07-29 07:00:58,GB0002634946,BA,"BAE Systems",,EOF36364831612,0.3346100300,1809.5000000000,GBX,3.52164746,,"CZK",173.06,"CZK",,,0.87,"CZK",,,,,0.26,"CZK",,,,
Market buy,2025-07-29 12:00:41,US05606L1008,BYDDY,"BYD",,EOF36402425440,0.0542266700,98.8000000000,USD,0.04689771,,"CZK",114.41,"CZK",,,,,,,,,0.17,"CZK",,,,
Market buy,2025-07-29 13:30:01,US47215P1066,JD,"JD.com",,EOF36403550284,0.1281496000,33.2400000000,USD,0.04682524,,"CZK",91.11,"CZK",,,,,,,,,0.14,"CZK",,,,
Market buy,2025-07-29 13:30:03,US64110L1061,NFLX,"Netflix",,EOF36403554644,0.0051598400,1179.1000000000,USD,0.04682496,,"CZK",130.13,"CZK",,,,,,,,,0.20,"CZK",,,,
Market buy,2025-07-29 13:30:03,US9311421039,WMT,"Walmart",,EOF36403560112,0.0389695200,98.0000000000,USD,0.04682458,,"CZK",81.68,"CZK",,,,,,,,,0.12,"CZK",,,,
Market buy,2025-07-29 13:30:03,US5398301094,LMT,"Lockheed Martin",,EOF36403560367,0.0195481100,422.5100000000,USD,0.04682392,,"CZK",176.65,"CZK",,,,,,,,,0.26,"CZK",,,,
Market buy,2025-07-29 13:30:08,US57636Q1040,MA,"Mastercard",,EOF36403564820,0.0169585900,571.6500000000,USD,0.04682369,,"CZK",207.35,"CZK",,,,,,,,,0.31,"CZK",,,,
Market buy,2025-07-29 13:30:16,US7475251036,QCOM,"Qualcomm",,EOF36403593309,0.0151345600,162.2600000000,USD,0.04682939,,"CZK",52.52,"CZK",,,,,,,,,0.08,"CZK",,,,
Lending interest,2025-07-30 03:13:29,,,,"Share lending interest",a115d8ef-357a-4169-8ead-02a5327523ec,,,,,,,0.02,"CZK",,,,,,,,,,,,,,
Stock split close,2025-07-30 06:42:00,US05606L1008,BYDDY,"BYD",,EOF36409785994,0.2102512700,76.3372321100,USD,0.04461803,0.00,"CZK",359.72,"CZK",,,,,,,,,,,,,,
Stock split open,2025-07-30 06:42:00,US05606L1008,BYDDY,"BYD",,EOF36409785999,1.2615076200,12.7228720200,USD,0.04461803,,"CZK",359.72,"CZK",,,,,,,,,,,,,,
Lending interest,2025-07-31 02:56:02,,,,"Share lending interest",03275bc6-9e79-42e7-858f-a5167fab309e,,,,,,,0.02,"CZK",,,,,,,,,,,,,,
Lending interest,2025-08-01 03:02:24,,,,"Share lending interest",b1ba4072-d1e3-416c-8406-4be4cdc3efb7,,,,,,,0.02,"CZK",,,,,,,,,,,,,,
Lending interest,2025-08-02 02:53:42,,,,"Share lending interest",9adff3ce-1e72-442a-8644-743bd31e760b,,,,,,,0.02,"CZK",,,,,,,,,,,,,,
Lending interest,2025-08-04 03:11:12,,,,"Share lending interest",8834c624-96fb-4d54-ae90-5a8701759c1c,,,,,,,0.03,"CZK",,,,,,,,,,,,,,
Lending interest,2025-08-05 03:22:41,,,,"Share lending interest",db521666-3168-411b-987d-cf2ef2f2821a,,,,,,,0.01,"CZK",,,,,,,,,,,,,,
Lending interest,2025-08-07 03:36:54,,,,"Share lending interest",4311d4e9-3b5c-42bc-8a14-4791b9c11138,,,,,,,0.01,"CZK",,,,,,,,,,,,,,
Lending interest,2025-08-08 03:44:45,,,,"Share lending interest",bb6bc147-fca6-46c2-963a-2df30cafddd0,,,,,,,0.02,"CZK",,,,,,,,,,,,,,
Dividend (Dividend),2025-08-08 13:00:09,US57636Q1040,MA,"Mastercard",,,0.1358742900,0.646000,USD,20.96273852,,,1.84,"CZK",0.02,USD,,,,,,,,,,,,
Lending interest,2025-08-09 03:58:00,,,,"Share lending interest",01479223-2040-43f5-a84e-c9733bc5dd06,,,,,,,0.02,"CZK",,,,,,,,,,,,,,
Lending interest,2025-08-11 03:36:50,,,,"Share lending interest",e1e523a1-e2aa-4116-84b1-018696d1aa7a,,,,,,,0.03,"CZK",,,,,,,,,,,,,,
Lending interest,2025-08-12 03:41:43,,,,"Share lending interest",4a06c9be-cd91-4c0a-aa3a-3fe2b9881997,,,,,,,0.02,"CZK",,,,,,,,,,,,,,
Lending interest,2025-08-13 03:12:09,,,,"Share lending interest",7dd6b5a0-1b34-433d-be58-63b1ad6cc38b,,,,,,,0.02,"CZK",,,,,,,,,,,,,,
Dividend (Dividend),2025-08-13 10:52:29,US05606L1008,BYDDY,"BYD",,,0.1428144000,0.970063,USD,20.86055712,,,2.89,"CZK",0.02,USD,,,,,,,,,,,,
Lending interest,2025-08-14 03:14:00,,,,"Share lending interest",2fb5e3be-3cd7-4349-9e86-9229df2d31ae,,,,,,,0.02,"CZK",,,,,,,,,,,,,,
Lending interest,2025-08-15 03:08:45,,,,"Share lending interest",52593164-ae7f-4775-88b4-49863f85a34e,,,,,,,0.02,"CZK",,,,,,,,,,,,,,
Deposit,2025-08-15 07:15:13,,,,"Bank Transfer",60827cfc-36b1-475e-89e1-50e7d272f43c,,,,,,,850.00,"CZK",,,,,,,,,,,,,,
Lending interest,2025-08-16 03:27:11,,,,"Share lending interest",02c96caa-86d5-4f90-b90c-99a48536f40d,,,,,,,0.01,"CZK",,,,,,,,,,,,,,
Lending interest,2025-08-18 03:21:35,,,,"Share lending interest",7db1cac3-7664-4e45-9b92-42fd8b9d2efd,,,,,,,0.01,"CZK",,,,,,,,,,,,,,
Lending interest,2025-08-19 03:16:03,,,,"Share lending interest",351b4556-e6ae-45e4-a074-9088fca94efc,,,,,,,0.02,"CZK",,,,,,,,,,,,,,
Lending interest,2025-08-20 03:26:09,,,,"Share lending interest",40f7c838-3cfd-44fb-a322-dd3dbaf1d597,,,,,,,0.02,"CZK",,,,,,,,,,,,,,
Lending interest,2025-08-21 03:16:47,,,,"Share lending interest",d9e1fa82-76d8-4d76-83ed-5ba62579e1be,,,,,,,0.02,"CZK",,,,,,,,,,,,,,
Market buy,2025-08-21 07:00:18,FR0000121329,HO,"Thales",,EOF37508308103,0.0138844500,231.3000000000,EUR,0.04080133,,"CZK",79.15,"CZK",,,,,,,,,0.12,"CZK",,,0.32,"CZK"
Market buy,2025-08-21 07:00:20,NL0000235190,AIR,"Airbus",,EOF37508308311,0.0179787000,179.3600000000,EUR,0.04080298,,"CZK",79.15,"CZK",,,,,,,,,0.12,"CZK",,,,
Market buy,2025-08-21 07:00:31,IE00B3XXRP09,VUSA,"Vanguard S&P 500 (Dist)",,EOF37508309599,0.0205990000,90.2875100000,GBP,0.03529763,,"CZK",52.77,"CZK",,,,,,,,,0.08,"CZK",,,,
Market buy,2025-08-21 07:00:31,GB00B63H8491,RR,"Rolls-Royce",,EOF37508309343,0.4019025500,1036.0000000000,GBX,3.52976468,,"CZK",118.73,"CZK",,,0.59,"CZK",,,,,0.18,"CZK",,,,
Market buy,2025-08-21 07:00:32,GB0002634946,BA,"BAE Systems",,EOF37508310811,0.1589607100,1746.0000000000,GBX,3.52976471,,"CZK",79.15,"CZK",,,0.40,"CZK",,,,,0.12,"CZK",,,,
Market buy,2025-08-21 07:04:19,IE00B3WJKG14,QDVE,"iShares S&P 500 Information Technology Sector (Acc)",,EOF37508319218,0.0657116600,32.7200000000,EUR,0.04080632,,"CZK",52.77,"CZK",,,,,,,,,0.08,"CZK",,,,
Market buy,2025-08-21 13:30:00,US0079031078,AMD,"Advanced Micro Devices",,EOF37550819739,0.0150859700,165.8900000000,USD,0.04749689,,"CZK",52.77,"CZK",,,,,,,,,0.08,"CZK",,,,
Market buy,2025-08-21 13:30:01,US02079K3059,GOOGL,"Alphabet (Class A)",,EOF37550821257,0.0125155600,199.9600000000,USD,0.04749689,,"CZK",52.77,"CZK",,,,,,,,,0.08,"CZK",,,,
Market buy,2025-08-21 13:30:02,US47215P1066,JD,"JD.com",,EOF37550825003,0.0605531000,30.9900000000,USD,0.04749533,,"CZK",39.57,"CZK",,,,,,,,,0.06,"CZK",,,,
Market buy,2025-08-21 13:30:02,US7475251036,QCOM,"Qualcomm",,EOF37550822310,0.0282540100,154.9900000000,USD,0.04749554,,"CZK",92.34,"CZK",,,,,,,,,0.14,"CZK",,,,
Market buy,2025-08-21 13:30:02,US0420682058,ARM,"ARM",,EOF37550824788,0.0222441600,131.0000000000,USD,0.04749771,,"CZK",61.44,"CZK",,,,,,,,,0.09,"CZK",,,,
Market buy,2025-08-21 13:30:02,US64110L1061,NFLX,"Netflix",,EOF37550824785,0.0025767300,1213.9600000000,USD,0.04749540,,"CZK",65.96,"CZK",,,,,,,,,0.10,"CZK",,,,
Market buy,2025-08-21 13:30:05,US5128073062,LRCX,"Lam Research",,EOF37550831284,0.0189862700,98.8400000000,USD,0.04749691,,"CZK",39.57,"CZK",,,,,,,,,0.06,"CZK",,,,
Market buy,2025-08-21 13:30:05,US57636Q1040,MA,"Mastercard",,EOF37550831278,0.0084449900,592.6800000000,USD,0.04749645,,"CZK",105.54,"CZK",,,,,,,,,0.16,"CZK",,,,
Market buy,2025-08-21 13:30:05,US5324571083,LLY,"Eli Lilly & Co",,EOF37550831267,0.0017734500,705.4400000000,USD,0.04749668,,"CZK",26.38,"CZK",,,,,,,,,0.04,"CZK",,,,
Market buy,2025-08-21 13:30:05,CH0334081137,CRSP,"CRISPR Therapeutics",,EOF37550831260,0.0354076000,53.0000000000,USD,0.04749690,,"CZK",39.57,"CZK",,,,,,,,,0.06,"CZK",,,,
Market buy,2025-08-21 13:30:05,US7731211089,RKLB,"Rocket Lab Corporation",,EOF37550829590,0.0613680300,40.7800000000,USD,0.04749645,,"CZK",52.77,"CZK",,,,,,,,,0.08,"CZK",,,,
Market buy,2025-08-21 13:30:05,US76655K1034,RGTI,"Rigetti Computing",,EOF37550829587,0.0853963600,14.6500000000,USD,0.04749645,,"CZK",26.38,"CZK",,,,,,,,,0.04,"CZK",,,,
Market buy,2025-08-21 13:30:05,US5398301094,LMT,"Lockheed Martin",,EOF37550829966,0.0056111800,446.0000000000,USD,0.04749641,,"CZK",52.77,"CZK",,,,,,,,,0.08,"CZK",,,,
Market buy,2025-08-21 13:30:05,US5949181045,MSFT,"Microsoft",,EOF37550829955,0.0049646400,504.0700000000,USD,0.04749527,,"CZK",52.77,"CZK",,,,,,,,,0.08,"CZK",,,,
Market buy,2025-08-21 13:30:09,US0420682058,ARM,"ARM",,EOF37550843542,0.0159632800,131.0000000000,USD,0.04749465,,"CZK",44.10,"CZK",,,,,,,,,0.07,"CZK",,,,
Market buy,2025-08-21 13:30:36,US9311421039,WMT,"Walmart",,EOF37550847251,0.0252266200,99.2000000000,USD,0.04749441,,"CZK",52.77,"CZK",,,,,,,,,0.08,"CZK",,,,
Lending interest,2025-08-22 03:08:00,,,,"Share lending interest",4d2d2a6a-a4fe-40b3-9035-886cd3764be7,,,,,,,0.01,"CZK",,,,,,,,,,,,,,
Lending interest,2025-08-23 03:06:31,,,,"Share lending interest",fe2493e7-d0c6-447e-b2e3-4ddc577e2be9,,,,,,,0.01,"CZK",,,,,,,,,,,,,,
Lending interest,2025-08-25 03:10:21,,,,"Share lending interest",ecffb4b7-7e16-4ef5-969c-4b0788cf24b2,,,,,,,0.01,"CZK",,,,,,,,,,,,,,
Lending interest,2025-08-26 03:31:23,,,,"Share lending interest",68eb7ec7-f864-4111-9dfc-0c37636ba073,,,,,,,0.02,"CZK",,,,,,,,,,,,,,
Currency conversion,2025-08-26 16:02:43,,,,"337.23 CZK -> 16.02 USD",TSFSGGBYOXJYI8LV,,,,,,,-0.02,"USD",,,,,337.23,"CZK",16.02,"USD",-0.02,"USD",,,,
Limit buy,2025-08-26 16:07:08,US7170811035,PFE,"Pfizer",,EOF37808171180,1.0000000000,25.0900000000,USD,1.00000000,,"USD",25.09,"USD",,,,,,,,,,,,,,
Lending interest,2025-08-27 03:16:45,,,,"Share lending interest",2ad2dce4-317b-46dd-ac7e-dee3ff82ec0f,,,,,,,0.02,"CZK",,,,,,,,,,,,,,
Lending interest,2025-08-28 03:22:03,,,,"Share lending interest",8bbe8a50-a0c1-4de5-9e04-b8254e57eed3,,,,,,,0.02,"CZK",,,,,,,,,,,,,,
Lending interest,2025-08-29 03:23:18,,,,"Share lending interest",fcf45c5a-46ac-4995-b1ef-247dd5b1ed6b,,,,,,,0.01,"CZK",,,,,,,,,,,,,,
Lending interest,2025-08-30 03:21:39,,,,"Share lending interest",4b209acb-8b1b-4f14-a752-e6ef728e4b4d,,,,,,,0.01,"CZK",,,,,,,,,,,,,,
Lending interest,2025-09-02 03:26:34,,,,"Share lending interest",3160a086-7a9f-40df-be5d-d9c2012a0287,,,,,,,0.03,"CZK",,,,,,,,,,,,,,
Dividend (Dividend),2025-09-02 11:26:32,US9311421039,WMT,"Walmart",,,0.4214675800,0.199750,USD,20.90555522,,,1.76,"CZK",0.01,USD,,,,,,,,,,,,
Lending interest,2025-09-03 03:15:32,,,,"Share lending interest",b5db22e2-4d41-42cb-a201-469c1777a9c8,,,,,,,0.01,"CZK",,,,,,,,,,,,,,
Lending interest,2025-09-04 03:02:28,,,,"Share lending interest",4a43f3c2-0af0-415b-a9af-f5a01b31c7d4,,,,,,,0.01,"CZK",,,,,,,,,,,,,,
Lending interest,2025-09-05 03:26:30,,,,"Share lending interest",f42536f2-93df-414f-a25c-b09b40cc3bf7,,,,,,,0.01,"CZK",,,,,,,,,,,,,,
Lending interest,2025-09-08 03:23:19,,,,"Share lending interest",8733879c-c987-40cb-a683-d5df6f17344f,,,,,,,0.01,"CZK",,,,,,,,,,,,,,
Dividend (Dividend),2025-09-10 11:38:25,US5324571083,LLY,"Eli Lilly & Co",,,0.0261884700,1.275000,USD,20.66468451,,,0.69,"CZK",0.01,USD,,,,,,,,,,,,
Dividend (Dividend),2025-09-11 12:27:55,US5949181045,MSFT,"Microsoft",,,0.0842905500,0.705500,USD,20.85190700,,,1.24,"CZK",0.01,USD,,,,,,,,,,,,
Market sell,2025-09-12 15:42:19,US02079K3059,GOOGL,"Alphabet (Class A)",,EOF38656707154,0.0367471300,240.0600000000,USD,0.04818394,24.68,"CZK",182.81,"CZK",,,,,,,,,0.27,"CZK",,,,
Market sell,2025-09-12 15:42:20,US76655K1034,RGTI,"Rigetti Computing",,EOF38656707160,0.2248710900,18.8900000000,USD,0.04818301,25.58,"CZK",88.03,"CZK",,,,,,,,,0.13,"CZK",,,,
Market sell,2025-09-12 15:42:20,US9311421039,WMT,"Walmart",,EOF38656707164,0.0116660400,103.4200000000,USD,0.04818298,2.85,"CZK",25.00,"CZK",,,,,,,,,0.04,"CZK",,,,
Market sell,2025-09-12 15:42:21,US7731211089,RKLB,"Rocket Lab Corporation",,EOF38656707168,0.1105380600,51.7800000000,USD,0.04818301,76.13,"CZK",118.61,"CZK",,,,,,,,,0.18,"CZK",,,,
Market sell,2025-09-12 15:42:21,US47215P1066,JD,"JD.com",,EOF38656707172,0.3169808200,33.7700000000,USD,0.04818348,-10.50,"CZK",221.83,"CZK",,,,,,,,,0.33,"CZK",,,,
Market sell,2025-09-12 15:42:22,US7475251036,QCOM,"Qualcomm",,EOF38656707176,0.1230406600,160.7700000000,USD,0.04818348,-45.39,"CZK",409.93,"CZK",,,,,,,,,0.61,"CZK",,,,
Market sell,2025-09-12 15:42:27,US0420682058,ARM,"ARM",,EOF38656707196,0.0164813700,150.6500000000,USD,0.04818393,7.71,"CZK",51.45,"CZK",,,,,,,,,0.08,"CZK",,,,
Market sell,2025-09-12 15:42:29,US5398301094,LMT,"Lockheed Martin",,EOF38656707200,0.0307135800,469.7100000000,USD,0.04818301,-28.25,"CZK",298.96,"CZK",,,,,,,,,0.45,"CZK",,,,
Lending interest,2025-09-15 03:01:59,,,,"Share lending interest",85e766aa-a9fb-4290-811a-c3fec33effd9,,,,,,,0.02,"CZK",,,,,,,,,,,,,,
Market sell,2025-09-15 07:00:15,FR0000121329,HO,"Thales",,EOF38659747704,0.0522900100,251.0000000000,EUR,0.04113194,85.32,"CZK",318.61,"CZK",,,,,,,,,0.48,"CZK",,,,
Market sell,2025-09-15 07:00:27,NL0000235190,AIR,"Airbus",,EOF38701850233,0.0153393300,193.4600000000,EUR,0.04113023,13.85,"CZK",72.04,"CZK",,,,,,,,,0.11,"CZK",,,,
Market sell,2025-09-15 07:00:31,GB0002634946,BA,"BAE Systems",,EOF38701852065,0.1841135700,1981.5000000000,GBX,3.55472122,25.38,"CZK",102.48,"CZK",,,,,,,,,0.15,"CZK",,,,
Market sell,2025-09-15 07:00:38,GB00B63H8491,RR,"Rolls-Royce",,EOF38701864384,2.2608090100,1143.0000000000,GBX,3.55472136,369.51,"CZK",725.86,"CZK",,,,,,,,,1.09,"CZK",,,,
Market sell,2025-09-15 07:04:21,IE00B3WJKG14,QDVE,"iShares S&P 500 Information Technology Sector (Acc)",,EOF38701889532,0.0304446900,33.8300000000,EUR,0.04113194,1.80,"CZK",25.00,"CZK",,,,,,,,,0.04,"CZK",,,,
Deposit,2025-09-15 07:30:17,,,,"Bank Transfer",f04fae6e-cfa8-45db-996c-b52d0dc6923c,,,,,,,1000.00,"CZK",,,,,,,,,,,,,,
Dividend (Dividend),2025-09-15 12:37:16,US02079K3059,GOOGL,"Alphabet (Class A)",,,0.2251014000,0.178500,USD,20.65673489,,,0.83,"CZK",0.01,USD,,,,,,,,,,,,
Market buy,2025-09-15 13:30:01,US0079031078,AMD,"Advanced Micro Devices",,EOF38804288951,0.0330329400,160.0200000000,USD,0.04834840,,"CZK",109.49,"CZK",,,,,,,,,0.16,"CZK",,,,
Market buy,2025-09-15 13:30:09,US5128073062,LRCX,"Lam Research",,EOF38804299974,0.0622126100,117.9000000000,USD,0.04834794,,"CZK",151.94,"CZK",,,,,,,,,0.23,"CZK",,,,
Market buy,2025-09-15 13:30:10,US5324571083,LLY,"Eli Lilly & Co",,EOF38806807964,0.0043460000,753.3500000000,USD,0.04834700,,"CZK",67.82,"CZK",,,,,,,,,0.10,"CZK",,,,
Market buy,2025-09-15 13:30:10,US57636Q1040,MA,"Mastercard",,EOF38806807959,0.0022729000,583.9000000000,USD,0.04834777,,"CZK",27.49,"CZK",,,,,,,,,0.04,"CZK",,,,
Market buy,2025-09-15 13:30:10,CH0334081137,CRSP,"CRISPR Therapeutics",,EOF38806807974,0.2478364700,57.2900000000,USD,0.04834701,,"CZK",294.12,"CZK",,,,,,,,,0.44,"CZK",,,,
Market buy,2025-09-15 13:30:19,US64110L1061,NFLX,"Netflix",,EOF38806818364,0.0012830100,1190.0000000000,USD,0.04834648,,"CZK",31.63,"CZK",,,,,,,,,0.05,"CZK",,,,
Market buy,2025-09-15 13:30:20,US2600031080,DOV,"Dover",,EOF38806828324,0.1300936800,174.0800000000,USD,0.04834701,,"CZK",469.12,"CZK",,,,,,,,,0.70,"CZK",,,,
Market buy,2025-09-15 13:30:21,US5949181045,MSFT,"Microsoft",,EOF38806832456,0.0054522000,508.9900000000,USD,0.04834695,,"CZK",57.49,"CZK",,,,,,,,,0.09,"CZK",,,,
Market buy,2025-09-15 13:30:21,US7170811035,PFE,"Pfizer",,EOF38806839698,0.9447938600,23.9700000000,USD,0.04834701,,"CZK",469.12,"CZK",,,,,,,,,0.70,"CZK",,,,
Market buy,2025-09-15 13:30:34,US7561091049,O,"Realty Income",,EOF38809305316,0.3740021900,60.5500000000,USD,0.04834514,,"CZK",469.12,"CZK",,,,,,,,,0.70,"CZK",,,,
Market buy,2025-09-15 13:31:00,US00287Y1091,ABBV,"AbbVie",,EOF38809313959,0.0968872000,219.5000000000,USD,0.04834009,,"CZK",440.60,"CZK",,,,,,,,,0.66,"CZK",,,,
Market buy,2025-09-15 13:31:00,US00287Y1091,ABBV,"AbbVie",,EOF38809314036,0.0062586800,219.9700000000,USD,0.04833995,,"CZK",28.52,"CZK",,,,,,,,,0.04,"CZK",,,,
Deposit,2025-09-16 04:45:06,,,,"Bank Transfer",ca486e4e-1674-4fd3-b481-586b4acdac5d,,,,,,,1000.00,"CZK",,,,,,,,,,,,,,
Lending interest,2025-09-17 02:57:31,,,,"Share lending interest",edf0fcbd-3c7e-43c3-a4a2-ed22ac809e22,,,,,,,0.01,"CZK",,,,,,,,,,,,,,
Lending interest,2025-09-18 03:00:40,,,,"Share lending interest",3f59c952-e28e-4665-ae72-4bfeac5b83c8,,,,,,,0.01,"CZK",,,,,,,,,,,,,,
Market buy,2025-09-18 07:00:11,FR0000121329,HO,"Thales",,EOF38910002536,0.0101612700,257.0000000000,EUR,0.04108631,,"CZK",63.92,"CZK",,,,,,,,,0.10,"CZK",,,0.26,"CZK"
Market buy,2025-09-18 07:00:19,NL0000235190,AIR,"Airbus",,EOF38910002996,0.0162877900,193.2000000000,EUR,0.04108631,,"CZK",76.71,"CZK",,,,,,,,,0.12,"CZK",,,,
Market buy,2025-09-18 07:00:33,IE00B3XXRP09,VUSA,"Vanguard S&P 500 (Dist)",,EOF38910006325,0.0197003900,92.3900000000,GBP,0.03564667,,"CZK",51.14,"CZK",,,,,,,,,0.08,"CZK",,,,
Market buy,2025-09-18 07:00:36,GB0002634946,BA,"BAE Systems",,EOF38910007503,0.1379430600,1969.5000000000,GBX,3.56487149,,"CZK",76.71,"CZK",,,0.38,"CZK",,,,,0.12,"CZK",,,,
Market buy,2025-09-18 07:00:36,GB00B63H8491,RR,"Rolls-Royce",,EOF38910007783,0.2797779300,1133.0000000000,GBX,3.56487173,,"CZK",89.50,"CZK",,,0.45,"CZK",,,,,0.13,"CZK",,,,
Market buy,2025-09-18 07:04:14,IE00B3WJKG14,QDVE,"iShares S&P 500 Information Technology Sector (Acc)",,EOF38910015089,0.0622697400,33.6900000000,EUR,0.04108632,,"CZK",51.14,"CZK",,,,,,,,,0.08,"CZK",,,,
Dividend (Dividend),2025-09-18 08:05:21,GB00B63H8491,RR,"Rolls-Royce",,,8.0587114900,4.500000,GBX,0.28071760,,,10.18,"CZK",0.00,GBX,,,,,,,,,,,,
Market buy,2025-09-18 13:30:01,US0079031078,AMD,"Advanced Micro Devices",,EOF38951445695,0.0163996300,150.9700000000,USD,0.04848907,,"CZK",51.14,"CZK",,,,,,,,,0.08,"CZK",,,,
Market buy,2025-09-18 13:30:01,US64110L1061,NFLX,"Netflix",,EOF38951445699,0.0025312000,1222.5800000000,USD,0.04848941,,"CZK",63.92,"CZK",,,,,,,,,0.10,"CZK",,,,
Market buy,2025-09-18 13:30:04,US5949181045,MSFT,"Microsoft",,EOF38951449026,0.0048405100,511.4900000000,USD,0.04848947,,"CZK",51.14,"CZK",,,,,,,,,0.08,"CZK",,,,
Market buy,2025-09-18 13:30:04,US02079K3059,GOOGL,"Alphabet (Class A)",,EOF38951448766,0.0098370000,251.6900000000,USD,0.04848951,,"CZK",51.14,"CZK",,,,,,,,,0.08,"CZK",,,,
Market buy,2025-09-18 13:30:04,CH0334081137,CRSP,"CRISPR Therapeutics",,EOF38951447590,0.0304371200,61.0000000000,USD,0.04848953,,"CZK",38.35,"CZK",,,,,,,,,0.06,"CZK",,,,
Market buy,2025-09-18 13:30:04,US2600031080,DOV,"Dover",,EOF38954200118,0.0071312200,173.6000000000,USD,0.04849117,,"CZK",25.57,"CZK",,,,,,,,,0.04,"CZK",,,,
Market buy,2025-09-18 13:30:04,US47215P1066,JD,"JD.com",,EOF38954200124,0.0356561100,34.7200000000,USD,0.04849119,,"CZK",25.57,"CZK",,,,,,,,,0.04,"CZK",,,,
Market buy,2025-09-18 13:30:04,US5128073062,LRCX,"Lam Research",,EOF38954205224,0.0146661600,126.6000000000,USD,0.04849140,,"CZK",38.35,"CZK",,,,,,,,,0.06,"CZK",,,,
Market buy,2025-09-18 13:30:04,US7731211089,RKLB,"Rocket Lab Corporation",,EOF38954202080,0.0506331300,48.9000000000,USD,0.04849118,,"CZK",51.14,"CZK",,,,,,,,,0.08,"CZK",,,,
Market buy,2025-09-18 13:30:04,US0420682058,ARM,"ARM",,EOF38954203944,0.0294047900,147.3800000000,USD,0.04849141,,"CZK",89.50,"CZK",,,,,,,,,0.13,"CZK",,,,
Market buy,2025-09-18 13:30:10,US5398301094,LMT,"Lockheed Martin",,EOF38954207201,0.0039379300,471.5000000000,USD,0.04849135,,"CZK",38.35,"CZK",,,,,,,,,0.06,"CZK",,,,
Market buy,2025-09-18 13:30:10,US7170811035,PFE,"Pfizer",,EOF38954211780,0.0514966800,24.0400000000,USD,0.04849119,,"CZK",25.57,"CZK",,,,,,,,,0.04,"CZK",,,,
Market buy,2025-09-18 13:30:10,US76655K1034,RGTI,"Rigetti Computing",,EOF38954211771,0.0540838800,22.8900000000,USD,0.04849118,,"CZK",25.57,"CZK",,,,,,,,,0.04,"CZK",,,,
Market buy,2025-09-18 13:30:10,US9311421039,WMT,"Walmart",,EOF38954211777,0.0237616100,104.2000000000,USD,0.04849118,,"CZK",51.14,"CZK",,,,,,,,,0.08,"CZK",,,,
Market buy,2025-09-18 13:30:10,US00287Y1091,ABBV,"AbbVie",,EOF38954211774,0.0056131500,220.5500000000,USD,0.04849119,,"CZK",25.57,"CZK",,,,,,,,,0.04,"CZK",,,,
Market buy,2025-09-18 13:30:10,US57636Q1040,MA,"Mastercard",,EOF38954214230,0.0082676600,599.0000000000,USD,0.04849043,,"CZK",102.28,"CZK",,,,,,,,,0.15,"CZK",,,,
Market buy,2025-09-18 13:30:10,US7475251036,QCOM,"Qualcomm",,EOF38954214221,0.0185311800,167.0000000000,USD,0.04849117,,"CZK",63.92,"CZK",,,,,,,,,0.10,"CZK",,,,
Market buy,2025-09-18 13:30:11,US7561091049,O,"Realty Income",,EOF38954224852,0.0208043700,59.5000000000,USD,0.04848648,,"CZK",25.57,"CZK",,,,,,,,,0.04,"CZK",,,,
Market buy,2025-09-18 13:31:01,US5324571083,LLY,"Eli Lilly & Co",,EOF38954230206,0.0016273000,760.5500000000,USD,0.04847798,,"CZK",25.57,"CZK",,,,,,,,,0.04,"CZK",,,,
Lending interest,2025-09-19 03:09:46,,,,"Share lending interest",7a4ec61e-bf66-45d9-aff3-f445a785985d,,,,,,,0.01,"CZK",,,,,,,,,,,,,,
Lending interest,2025-09-22 03:10:42,,,,"Share lending interest",3177cfe4-0dd3-4b5a-a9c9-d982cb660ede,,,,,,,0.01,"CZK",,,,,,,,,,,,,,
Limit sell,2025-09-22 13:33:59,US62914V1061,NIO,"NIO",,EOF39159562544,0.2654100000,7.4000000000,USD,1.00000000,0.29,"USD",1.96,"USD",,,,,,,,,,,,,,
Lending interest,2025-09-24 03:05:58,,,,"Share lending interest",53a01f26-49f4-4d50-9be7-1c8709476e77,,,,,,,0.01,"CZK",,,,,,,,,,,,,,
Dividend (Dividend),2025-09-25 11:27:25,US7475251036,QCOM,"Qualcomm",,,0.5037210300,0.756500,USD,20.70513126,,,7.89,"CZK",0.07,USD,,,,,,,,,,,,
Dividend (Dividend),2025-09-26 13:03:07,US5398301094,LMT,"Lockheed Martin",,,0.1105287700,2.805000,USD,20.83647816,,,6.46,"CZK",0.05,USD,,,,,,,,,,,,
Currency conversion,2025-09-26 13:03:40,,,,"435.25 CZK -> 20.92 USD",26HT8KJX2QM045Z2,,,,,,,-0.03,"USD",,,,,435.25,"CZK",20.92,"USD",-0.03,"USD",,,,
Currency conversion,2025-09-26 13:05:09,,,,"328.47 CZK -> 15.79 USD",N2OSBCDU2MVX0EDP,,,,,,,-0.02,"USD",,,,,328.47,"CZK",15.79,"USD",-0.02,"USD",,,,
Market buy,2025-09-26 18:45:50,CA11276H1064,BIPC,"Brookfield Infrastructure",,EOF39360100353,0.5101442100,40.9100000000,USD,1.00000000,,"USD",20.87,"USD",,,,,,,,,,,,,,
Lending interest,2025-09-29 03:19:27,,,,"Share lending interest",8fd13ed2-1f38-4357-87c1-a3662a7ad6e9,,,,,,,0.01,"CZK",,,,,,,,,,,,,,
Dividend (Dividend),2025-10-01 12:35:26,IE00B3XXRP09,VUSA,"Vanguard S&P 500 (Dist)",,,0.3607786300,0.223815,GBP,27.86458142,,,2.25,"CZK",0.00,GBP,,,,,,,,,,,,
Lending interest,2025-10-02 03:30:34,,,,"Share lending interest",22a9b0f0-f214-4f0d-b9b7-caac7fdf504d,,,,,,,0.01,"CZK",,,,,,,,,,,,,,
Dividend (Dividend),2025-10-02 14:06:21,US67066G1040,NVDA,"Nvidia",,,0.0827313000,0.008500,USD,14.22038077,,,0.01,"CZK",0.00,USD,,,,,,,,,,,,
Lending interest,2025-10-03 03:08:23,,,,"Share lending interest",04f6f9e5-c09b-4e42-a958-8cb5aa4ce270,,,,,,,0.01,"CZK",,,,,,,,,,,,,,
Market sell,2025-10-03 17:40:33,US7731211089,RKLB,"Rocket Lab Corporation",,EOF39710532040,0.0217109200,55.8300000000,USD,0.04840737,16.43,"CZK",25.00,"CZK",,,,,,,,,0.04,"CZK",,,,
Market sell,2025-10-03 17:40:33,US7475251036,QCOM,"Qualcomm",,EOF39710532045,0.0708969900,170.1500000000,USD,0.04840739,-12.65,"CZK",248.83,"CZK",,,,,,,,,0.37,"CZK",,,,
Market sell,2025-10-03 17:40:34,US76655K1034,RGTI,"Rigetti Computing",,EOF39710532055,0.6005353000,39.1400000000,USD,0.04840692,313.40,"CZK",484.84,"CZK",,,,,,,,,0.73,"CZK",,,,
Market sell,2025-10-03 17:40:35,US7170811035,PFE,"Pfizer",,EOF39710532069,0.0748725200,27.6000000000,USD,0.04840668,4.36,"CZK",42.63,"CZK",,,,,,,,,0.06,"CZK",,,,
Market sell,2025-10-03 17:40:36,US00287Y1091,ABBV,"AbbVie",,EOF39710532073,0.0051378400,235.9200000000,USD,0.04840731,1.71,"CZK",25.00,"CZK",,,,,,,,,0.04,"CZK",,,,
Market sell,2025-10-03 17:40:37,US5128073062,LRCX,"Lam Research",,EOF39710532081,0.0454131900,147.1200000000,USD,0.04840739,48.35,"CZK",137.81,"CZK",,,,,,,,,0.21,"CZK",,,,
Market sell,2025-10-03 17:40:41,CH0334081137,CRSP,"CRISPR Therapeutics",,EOF39710532103,0.0748208200,68.5000000000,USD,0.04840598,31.02,"CZK",105.72,"CZK",,,,,,,,,0.16,"CZK",,,,
Market sell,2025-10-03 17:40:41,US57636Q1040,MA,"Mastercard",,EOF39710532107,0.0104475600,581.1000000000,USD,0.04840597,4.49,"CZK",125.23,"CZK",,,,,,,,,0.19,"CZK",,,,
Market sell,2025-10-03 17:40:41,US5324571083,LLY,"Eli Lilly & Co",,EOF39710532111,0.0014708400,836.9200000000,USD,0.04840642,-0.38,"CZK",25.39,"CZK",,,,,,,,,0.04,"CZK",,,,
Market sell,2025-10-03 17:40:43,US5398301094,LMT,"Lockheed Martin",,EOF39710532142,0.0023918200,506.7700000000,USD,0.04840665,-0.37,"CZK",25.00,"CZK",,,,,,,,,0.04,"CZK",,,,
Lending interest,2025-10-04 03:07:25,,,,"Share lending interest",be3b10ec-e079-4673-88e7-98316d9ef3ed,,,,,,,0.01,"CZK",,,,,,,,,,,,,,
Lending interest,2025-10-06 02:59:51,,,,"Share lending interest",f76e8d68-60a6-454d-9749-5585b51cbce5,,,,,,,0.01,"CZK",,,,,,,,,,,,,,
Market sell,2025-10-06 07:00:26,FR0000121329,HO,"Thales",,EOF39800805086,0.0038174600,270.7000000000,EUR,0.04126942,7.67,"CZK",25.00,"CZK",,,,,,,,,0.04,"CZK",,,,
Market buy,2025-10-06 07:00:32,IE00B3XXRP09,VUSA,"Vanguard S&P 500 (Dist)",,EOF39800810716,0.0177777900,94.9875000000,GBP,0.03592145,,"CZK",47.08,"CZK",,,,,,,,,0.07,"CZK",,,,
Market buy,2025-10-06 07:00:32,GB0002634946,BA,"BAE Systems",,EOF39800812450,0.0904107300,2047.0000000000,GBX,3.59221204,,"CZK",51.86,"CZK",,,0.26,"CZK",,,,,0.08,"CZK",,,,
Market buy,2025-10-06 07:00:35,GB00B63H8491,RR,"Rolls-Royce",,EOF39800818908,0.1798228800,1169.5000000000,GBX,3.59185069,,"CZK",58.93,"CZK",,,0.29,"CZK",,,,,0.09,"CZK",,,,
Market buy,2025-10-06 07:00:46,GB00BKFB1C65,MNG,"M&G",,EOF39800834802,7.4733585300,251.1000000000,GBX,3.59212175,,"CZK",525.83,"CZK",,,2.63,"CZK",,,,,0.79,"CZK",,,,
Market buy,2025-10-06 07:04:17,IE00B3WJKG14,QDVE,"iShares S&P 500 Information Technology Sector (Acc)",,EOF39851155361,0.0387228700,35.6700000000,EUR,0.04125581,,"CZK",33.53,"CZK",,,,,,,,,0.05,"CZK",,,,
Market buy,2025-10-06 13:30:04,US0420682058,ARM,"ARM",,EOF39858036486,0.0290936100,156.5000000000,USD,0.04810004,,"CZK",94.80,"CZK",,,,,,,,,0.14,"CZK",,,,
Market buy,2025-10-06 13:30:04,US2600031080,DOV,"Dover",,EOF39858040391,0.0146493600,167.7500000000,USD,0.04810002,,"CZK",51.17,"CZK",,,,,,,,,0.08,"CZK",,,,
Market buy,2025-10-06 13:30:10,US64110L1061,NFLX,"Netflix",,EOF39858042433,0.0050073500,1161.3500000000,USD,0.04809996,,"CZK",121.08,"CZK",,,,,,,,,0.18,"CZK",,,,
Market buy,2025-10-06 13:30:11,US02079K3059,GOOGL,"Alphabet (Class A)",,EOF39860705936,0.0092243900,244.8700000000,USD,0.04810000,,"CZK",47.03,"CZK",,,,,,,,,0.07,"CZK",,,,
Market buy,2025-10-06 13:30:19,US5949181045,MSFT,"Microsoft",,EOF39860712552,0.0048396200,519.6000000000,USD,0.04809997,,"CZK",52.36,"CZK",,,,,,,,,0.08,"CZK",,,,
Market buy,2025-10-06 13:30:20,US7561091049,O,"Realty Income",,EOF39860718184,0.0249038200,60.2800000000,USD,0.04810004,,"CZK",31.26,"CZK",,,,,,,,,0.05,"CZK",,,,
Market buy,2025-10-06 13:30:20,US9311421039,WMT,"Walmart",,EOF39860727518,0.0379918600,101.8800000000,USD,0.04810004,,"CZK",80.59,"CZK",,,,,,,,,0.12,"CZK",,,,
Limit buy,2025-10-07 14:18:40,US9256521090,VICI,"VICI Properties",,EOF39906497214,0.5000000000,31.9900000000,USD,1.00000000,,"USD",16.00,"USD",,,,,,,,,,,,,,
Currency conversion,2025-10-07 18:40:46,,,,"82.00 CZK -> 3.91 USD",Q36E1440DAVU9NP6,,,,,,,-0.01,"USD",,,,,82.00,"CZK",3.91,"USD",-0.01,"USD",,,,
Dividend (Dividend),2025-10-09 11:09:45,US8740391003,TSM,"Taiwan Semiconductor Manufacturing",,,0.0412387000,0.649352,USD,20.91235189,,,0.56,"CZK",0.01,USD,,,,,,,,,,,,
Lending interest,2025-10-10 02:59:16,,,,"Share lending interest",ae216e15-f8c1-4d3f-9708-206292affac2,,,,,,,0.01,"CZK",,,,,,,,,,,,,,
Limit buy,2025-10-10 13:30:31,US62914V1061,NIO,"NIO",,EOF40057058705,0.9000000000,7.3500000000,USD,1.00000000,,"USD",6.62,"USD",,,,,,,,,,,,,,
Lending interest,2025-10-11 03:46:52,,,,"Share lending interest",b6804773-db41-4bf5-86e5-31ca4b7e4aff,,,,,,,0.01,"CZK",,,,,,,,,,,,,,
Currency conversion,2025-10-12 07:17:20,,,,"25.00 CZK -> 1.18 USD",XQI3DDX9S7PPBZGV,,,,,,,0.00,,,,,,25.00,"CZK",1.18,"USD",,,,,,
Lending interest,2025-10-13 03:27:18,,,,"Share lending interest",7219b70c-f767-4cee-a851-9a5766c5ce93,,,,,,,0.02,"CZK",,,,,,,,,,,,,,
Lending interest,2025-10-14 03:04:07,,,,"Share lending interest",e2a52f0b-0a10-479d-ae78-5eea5c75123f,,,,,,,0.01,"CZK",,,,,,,,,,,,,,
Deposit,2025-10-15 07:30:14,,,,"Bank Transfer",7fe6e2ca-38c2-4b4a-86e5-cc25472d49cb,,,,,,,1000.00,"CZK",,,,,,,,,,,,,,
Dividend (Dividend),2025-10-15 13:24:24,US7561091049,O,"Realty Income",,,0.3948065600,0.229075,USD,20.89776055,,,1.89,"CZK",0.02,USD,,,,,,,,,,,,
Dividend (Dividend),2025-10-15 14:15:40,US5128073062,LRCX,"Lam Research",,,0.3049098400,0.221000,USD,20.92451492,,,1.41,"CZK",0.01,USD,,,,,,,,,,,,
Market buy,2025-10-16 07:00:21,FR0000121329,HO,"Thales",,EOF40313186540,0.0111767100,247.9000000000,EUR,0.04118784,,"CZK",67.64,"CZK",,,,,,,,,0.10,"CZK",,,0.27,"CZK"
Market buy,2025-10-16 07:00:24,NL0000235190,AIR,"Airbus",,EOF40313187048,0.0163400600,204.3000000000,EUR,0.04118783,,"CZK",81.17,"CZK",,,,,,,,,0.12,"CZK",,,,
Market buy,2025-10-16 07:00:31,GB0002634946,BA,"BAE Systems",,EOF40313187823,0.1529542400,1887.5000000000,GBX,3.58012311,,"CZK",81.17,"CZK",,,0.41,"CZK",,,,,0.12,"CZK",,,,
Market buy,2025-10-16 07:00:33,IE00B3XXRP09,VUSA,"Vanguard S&P 500 (Dist)",,EOF40313190601,0.0204486100,94.5850100000,GBP,0.03579737,,"CZK",54.11,"CZK",,,,,,,,,0.08,"CZK",,,,
Market buy,2025-10-16 07:00:33,GB00B63H8491,RR,"Rolls-Royce",,EOF40313190697,0.3035760300,1109.5000000000,GBX,3.57973860,,"CZK",94.70,"CZK",,,0.47,"CZK",,,,,0.14,"CZK",,,,
Market buy,2025-10-16 07:00:33,GB00BKFB1C65,MNG,"M&G",,EOF40313191964,0.3662958800,262.6000000000,GBX,3.57980268,,"CZK",27.05,"CZK",,,0.14,"CZK",,,,,0.04,"CZK",,,,
Market buy,2025-10-16 07:04:26,IE00B3WJKG14,QDVE,"iShares S&P 500 Information Technology Sector (Acc)",,EOF40315406508,0.0625608100,35.5700000000,EUR,0.04118615,,"CZK",54.11,"CZK",,,,,,,,,0.08,"CZK",,,,
Market buy,2025-10-16 13:30:00,US64110L1061,NFLX,"Netflix",,EOF40352092664,0.0026723300,1212.7400000000,USD,0.04798403,,"CZK",67.64,"CZK",,,,,,,,,0.10,"CZK",,,,
Market buy,2025-10-16 13:30:01,US0079031078,AMD,"Advanced Micro Devices",,EOF40352094230,0.0109734400,236.2600000000,USD,0.04798417,,"CZK",54.11,"CZK",,,,,,,,,0.08,"CZK",,,,
Market buy,2025-10-16 13:30:01,US7731211089,RKLB,"Rocket Lab Corporation",,EOF40352095363,0.0369510500,70.1600000000,USD,0.04798233,,"CZK",54.11,"CZK",,,,,,,,,0.08,"CZK",,,,
Market buy,2025-10-16 13:30:03,US47215P1066,JD,"JD.com",,EOF40352098991,0.0390127300,33.2200000000,USD,0.04798233,,"CZK",27.05,"CZK",,,,,,,,,0.04,"CZK",,,,
Market buy,2025-10-16 13:30:03,US2600031080,DOV,"Dover",,EOF40352098998,0.0079121000,163.8000000000,USD,0.04798230,,"CZK",27.05,"CZK",,,,,,,,,0.04,"CZK",,,,
Market buy,2025-10-16 13:30:03,US02079K3059,GOOGL,"Alphabet (Class A)",,EOF40352098995,0.0102937600,251.8500000000,USD,0.04798229,,"CZK",54.11,"CZK",,,,,,,,,0.08,"CZK",,,,
Market buy,2025-10-16 13:30:04,CH0334081137,CRSP,"CRISPR Therapeutics",,EOF40354555220,0.0277868300,69.9700000000,USD,0.04798234,,"CZK",40.58,"CZK",,,,,,,,,0.06,"CZK",,,,
Market buy,2025-10-16 13:30:04,US57636Q1040,MA,"Mastercard",,EOF40354555211,0.0080017100,567.0300000000,USD,0.04798233,,"CZK",94.70,"CZK",,,,,,,,,0.14,"CZK",,,,
Market buy,2025-10-16 13:30:04,US0420682058,ARM,"ARM",,EOF40354555214,0.0260759200,174.0000000000,USD,0.04798234,,"CZK",94.70,"CZK",,,,,,,,,0.14,"CZK",,,,
Market buy,2025-10-16 13:30:04,US76655K1034,RGTI,"Rigetti Computing",,EOF40354555208,0.0236712800,54.7500000000,USD,0.04798232,,"CZK",27.05,"CZK",,,,,,,,,0.04,"CZK",,,,
Market buy,2025-10-16 13:30:04,US5128073062,LRCX,"Lam Research",,EOF40354555255,0.0131840000,147.4700000000,USD,0.04798234,,"CZK",40.58,"CZK",,,,,,,,,0.06,"CZK",,,,
Market buy,2025-10-16 13:30:04,US5324571083,LLY,"Eli Lilly & Co",,EOF40354555245,0.0015697700,825.6000000000,USD,0.04798230,,"CZK",27.05,"CZK",,,,,,,,,0.04,"CZK",,,,
Market buy,2025-10-16 13:30:04,US5949181045,MSFT,"Microsoft",,EOF40354555240,0.0050525900,513.1000000000,USD,0.04798230,,"CZK",54.11,"CZK",,,,,,,,,0.08,"CZK",,,,
Market buy,2025-10-16 13:30:04,US5398301094,LMT,"Lockheed Martin",,EOF40354555326,0.0038553300,504.3000000000,USD,0.04798230,,"CZK",40.58,"CZK",,,,,,,,,0.06,"CZK",,,,
Market buy,2025-10-16 13:30:04,US00287Y1091,ABBV,"AbbVie",,EOF40354555309,0.0057264100,226.3200000000,USD,0.04798226,,"CZK",27.05,"CZK",,,,,,,,,0.04,"CZK",,,,
Market buy,2025-10-16 13:30:09,US7561091049,O,"Realty Income",,EOF40354568847,0.0217076500,59.7000000000,USD,0.04798025,,"CZK",27.05,"CZK",,,,,,,,,0.04,"CZK",,,,
Market buy,2025-10-16 13:30:09,US7475251036,QCOM,"Qualcomm",,EOF40354568840,0.0157591100,164.5000000000,USD,0.04798026,,"CZK",54.11,"CZK",,,,,,,,,0.08,"CZK",,,,
Market buy,2025-10-16 13:30:13,US9311421039,WMT,"Walmart",,EOF40354578612,0.0237275700,109.2500000000,USD,0.04797773,,"CZK",54.11,"CZK",,,,,,,,,0.08,"CZK",,,,
Limit buy,2025-10-16 13:31:48,US62914V1061,NIO,"NIO",,EOF40354584382,0.1600000000,6.3000000000,USD,1.00000000,,"USD",1.01,"USD",,,,,,,,,,,,,,
Market buy,2025-10-16 13:32:08,US7170811035,PFE,"Pfizer",,EOF40354584984,0.0530561000,24.4200000000,USD,0.04796852,,"CZK",27.05,"CZK",,,,,,,,,0.04,"CZK",,,,
Lending interest,2025-10-18 03:29:54,,,,"Share lending interest",0feabced-8207-4c1c-8511-558aee9703e6,,,,,,,0.01,"CZK",,,,,,,,,,,,,,
Lending interest,2025-10-20 03:12:38,,,,"Share lending interest",12f2d906-5f76-49ac-9f85-3e7cb50b3f47,,,,,,,0.01,"CZK",,,,,,,,,,,,,,
Lending interest,2025-10-21 03:18:43,,,,"Share lending interest",24f3f396-c079-472d-aeb1-775c3c0cd549,,,,,,,0.01,"CZK",,,,,,,,,,,,,,
Lending interest,2025-10-22 03:09:04,,,,"Share lending interest",1006d58d-9cec-42c1-91c4-04b99814dc5c,,,,,,,0.01,"CZK",,,,,,,,,,,,,,
Market sell,2025-10-22 08:44:12,GB0002634946,BA,"BAE Systems",,EOF40701153456,0.2408828000,1905.5000000000,GBX,3.58231620,23.37,"CZK",127.94,"CZK",,,,,,,,,0.19,"CZK",,,,
Market sell,2025-10-22 13:30:00,US7731211089,RKLB,"Rocket Lab Corporation",,EOF40704425659,1.0512581100,62.9000000000,USD,0.04766012,956.25,"CZK",1385.33,"CZK",,,,,,,,,2.08,"CZK",,,,
Market sell,2025-10-22 13:30:01,US0079031078,AMD,"Advanced Micro Devices",,EOF40704427070,0.0641617300,236.6600000000,USD,0.04766012,130.00,"CZK",318.12,"CZK",,,,,,,,,0.48,"CZK",,,,
Market sell,2025-10-22 13:30:03,US57636Q1040,MA,"Mastercard",,EOF40704435348,0.0068771400,570.0000000000,USD,0.04765920,2.57,"CZK",82.13,"CZK",,,,,,,,,0.12,"CZK",,,,
Market sell,2025-10-22 13:30:03,US0420682058,ARM,"ARM",,EOF40704436363,0.1994002100,167.9400000000,USD,0.04765921,159.22,"CZK",701.59,"CZK",,,,,,,,,1.05,"CZK",,,,
Market buy,2025-10-22 13:30:13,US00287Y1091,ABBV,"AbbVie",,EOF40706906828,0.0183784200,233.0000000000,USD,0.04768034,,"CZK",89.94,"CZK",,,,,,,,,0.13,"CZK",,,,
Market buy,2025-10-22 13:30:13,US76655K1034,RGTI,"Rigetti Computing",,EOF40706906831,0.0812655000,38.8000000000,USD,0.04768034,,"CZK",66.23,"CZK",,,,,,,,,0.10,"CZK",,,,
Market buy,2025-10-22 13:30:13,IE00B3XXRP09,VUSA,"Vanguard S&P 500 (Dist)",,EOF40706906779,0.0444712100,95.8650100000,GBP,0.03576537,,"CZK",119.38,"CZK",,,,,,,,,0.18,"CZK",,,,
Market buy,2025-10-22 13:30:13,NL0010273215,ASML,"ASML",,EOF40706906785,0.0287621700,885.7000000000,EUR,0.04113193,,"CZK",620.27,"CZK",,,,,,,,,0.93,"CZK",,,,
Market buy,2025-10-22 13:30:13,US64110L1061,NFLX,"Netflix",,EOF40706906782,0.0021991300,1142.8000000000,USD,0.04767910,,"CZK",52.79,"CZK",,,,,,,,,0.08,"CZK",,,,
Market buy,2025-10-22 13:30:13,US5128073062,LRCX,"Lam Research",,EOF40706906773,0.0323850700,144.6200000000,USD,0.04767921,,"CZK",98.38,"CZK",,,,,,,,,0.15,"CZK",,,,
Market buy,2025-10-22 13:30:13,US02079K3059,GOOGL,"Alphabet (Class A)",,EOF40706906776,0.0156079000,253.5800000000,USD,0.04767921,,"CZK",83.13,"CZK",,,,,,,,,0.12,"CZK",,,,
Market buy,2025-10-22 13:30:13,NL0000235190,AIR,"Airbus",,EOF40706906807,0.0346700600,207.0000000000,EUR,0.04113194,,"CZK",174.74,"CZK",,,,,,,,,0.26,"CZK",,,,
Market buy,2025-10-22 13:30:13,CH0334081137,CRSP,"CRISPR Therapeutics",,EOF40706906795,0.0245583300,71.0400000000,USD,0.04768034,,"CZK",36.64,"CZK",,,,,,,,,0.05,"CZK",,,,
Market buy,2025-10-22 13:30:13,US47215P1066,JD,"JD.com",,EOF40706906798,0.1605360100,32.6500000000,USD,0.04768034,,"CZK",110.10,"CZK",,,,,,,,,0.17,"CZK",,,,
Market buy,2025-10-22 13:30:13,IE00B3WJKG14,QDVE,"iShares S&P 500 Information Technology Sector (Acc)",,EOF40706906999,0.1402862800,36.0900000000,EUR,0.04113195,,"CZK",123.27,"CZK",,,,,,,,,0.18,"CZK",,,,
Market buy,2025-10-22 13:30:13,US5949181045,MSFT,"Microsoft",,EOF40706906940,0.0110357300,520.9300000000,USD,0.04768054,,"CZK",120.75,"CZK",,,,,,,,,0.18,"CZK",,,,
Market buy,2025-10-22 13:30:13,US7475251036,QCOM,"Qualcomm",,EOF40706906945,0.0072917800,167.0700000000,USD,0.04768053,,"CZK",25.59,"CZK",,,,,,,,,0.04,"CZK",,,,
Market buy,2025-10-22 13:30:13,GB00B63H8491,RR,"Rolls-Royce",,EOF40706906937,0.8834933000,1126.0000000000,GBX,3.57692167,,"CZK",279.94,"CZK",,,1.40,"CZK",,,,,0.42,"CZK",,,,
Market buy,2025-10-22 13:30:13,US9311421039,WMT,"Walmart",,EOF40706906914,0.0364329600,106.7000000000,USD,0.04768056,,"CZK",81.65,"CZK",,,,,,,,,0.12,"CZK",,,,
Market buy,2025-10-22 13:30:13,FR0000121329,HO,"Thales",,EOF40706907021,0.0113852700,259.9000000000,EUR,0.04113193,,"CZK",72.34,"CZK",,,,,,,,,0.11,"CZK",,,0.29,"CZK"
Market buy,2025-10-22 13:30:13,GB00BKFB1C65,MNG,"M&G",,EOF40706907192,0.7199995700,260.6000000000,GBX,3.57666580,,"CZK",52.80,"CZK",,,0.26,"CZK",,,,,0.08,"CZK",,,,
Market buy,2025-10-22 13:30:13,US7561091049,O,"Realty Income",,EOF40706907266,0.0509844500,60.1200000000,USD,0.04768489,,"CZK",64.38,"CZK",,,,,,,,,0.10,"CZK",,,,
Market buy,2025-10-22 13:30:16,US2600031080,DOV,"Dover",,EOF40706907700,0.0127378800,173.5900000000,USD,0.04768532,,"CZK",46.44,"CZK",,,,,,,,,0.07,"CZK",,,,
Market buy,2025-10-22 13:30:36,US5398301094,LMT,"Lockheed Martin",,EOF40706909410,0.0128772000,494.0000000000,USD,0.04768260,,"CZK",133.61,"CZK",,,,,,,,,0.20,"CZK",,,,
Market buy,2025-10-22 13:30:38,US5324571083,LLY,"Eli Lilly & Co",,EOF40706909786,0.0029686700,799.5700000000,USD,0.04768299,,"CZK",49.85,"CZK",,,,,,,,,0.07,"CZK",,,,
Market buy,2025-10-22 13:32:16,US7170811035,PFE,"Pfizer",,EOF40706913622,0.2171516500,24.7500000000,USD,0.04768012,,"CZK",112.89,"CZK",,,,,,,,,0.17,"CZK",,,,
Lending interest,2025-10-23 03:13:34,,,,"Share lending interest",1efb752f-3ba2-4cf4-a019-01378a2afd86,,,,,,,0.01,"CZK",,,,,,,,,,,,,,
Result adjustment,2025-10-23 12:56:49,,,,"06.10.2025 Price precision - result adjustment GBX",37646a8b-5821-4835-8a12-16749f465afa,,,,,,,-3.11,"CZK",,,,,,,,,,,,,,
Deposit,2025-10-31 06:45:07,,,,"Bank Transfer",7e91023b-fcc3-47ad-a400-5a4e02bcf190,,,,,,,1000.00,"CZK",,,,,,,,,,,,,,
Dividend (Dividend),2025-11-06 12:10:20,NL0010273215,ASML,"ASML",,,0.0287621700,1.360000,EUR,24.28639465,,,0.95,"CZK",0.01,EUR,,,,,,,,,,,,
Dividend (Dividend),2025-11-07 15:01:31,US57636Q1040,MA,"Mastercard",,,0.1613708700,0.646000,USD,21.10401186,,,2.20,"CZK",0.02,USD,,,,,,,,,,,,
Deposit,2025-11-14 08:30:18,,,,"Bank Transfer",af8380af-107d-4081-ae6c-9715c6793cb1,,,,,,,1000.00,"CZK",,,,,,,,,,,,,,
Dividend (Dividend manufactured payment),2025-11-14 11:45:32,US00287Y1091,ABBV,"AbbVie",,,0.1036211900,1.394000,USD,20.76872832,,,3.00,"CZK",0.03,USD,,,,,,,,,,,,
Dividend (Dividend),2025-11-14 11:51:52,US7561091049,O,"Realty Income",,,0.4924024800,0.229075,USD,20.74521454,,,2.34,"CZK",0.02,USD,,,,,,,,,,,,
Stock split close,2025-11-17 08:36:00,US64110L1061,NFLX,"Netflix",,EOF42001272571,0.0638781600,907.3523720800,USD,0.04523530,0.00,"CZK",1281.30,"CZK",,,,,,,,,,,,,,
Stock split open,2025-11-17 08:36:00,US64110L1061,NFLX,"Netflix",,EOF42001272576,0.6387816000,90.7352372100,USD,0.04523530,,"CZK",1281.30,"CZK",,,,,,,,,,,,,,
Limit sell,2025-11-17 14:40:38,US76655K1034,RGTI,"Rigetti Computing",,EOF42008195312,0.7546913800,25.7000000000,USD,1.00000000,6.40,"USD",19.40,"USD",,,,,,,,,,,,,,
Market buy,2025-11-20 08:00:00,FR0000121329,HO,"Thales",,EOF42106492678,0.0110676800,233.9000000000,EUR,0.04136673,,"CZK",62.92,"CZK",,,,,,,,,0.09,"CZK",,,0.25,"CZK"
Market buy,2025-11-20 08:00:08,NL0010273215,ASML,"ASML",,EOF42106493436,0.0017151200,909.0000000000,EUR,0.04136492,,"CZK",37.75,"CZK",,,,,,,,,0.06,"CZK",,,,
Market buy,2025-11-20 08:00:30,NL0000235190,AIR,"Airbus",,EOF42106495304,0.0152527200,204.5000000000,EUR,0.04136845,,"CZK",75.51,"CZK",,,,,,,,,0.11,"CZK",,,,
Market buy,2025-11-20 08:00:31,GB0002634946,BA,"BAE Systems",,EOF42106495843,0.1311439600,1738.5000000000,GBX,3.64673343,,"CZK",62.92,"CZK",,,0.31,"CZK",,,,,0.09,"CZK",,,,
Market buy,2025-11-20 08:00:32,IE00B3XXRP09,VUSA,"Vanguard S&P 500 (Dist)",,EOF42106496536,0.0234746400,97.6100000000,GBP,0.03646919,,"CZK",62.92,"CZK",,,,,,,,,0.09,"CZK",,,,
Market buy,2025-11-20 08:00:37,GB00BKFB1C65,MNG,"M&G",,EOF42108851314,0.3466469200,264.4000000000,GBX,3.64717252,,"CZK",25.17,"CZK",,,,,,,,,0.04,"CZK",,,,
Market buy,2025-11-20 08:00:40,GB00B63H8491,RR,"Rolls-Royce",,EOF42108852126,0.2958432700,1079.0000000000,GBX,3.64691977,,"CZK",88.10,"CZK",,,0.44,"CZK",,,,,0.13,"CZK",,,,
Market buy,2025-11-20 08:09:26,IE00B3WJKG14,QDVE,"iShares S&P 500 Information Technology Sector (Acc)",,EOF42108862155,0.0566232100,36.7150000000,EUR,0.04136333,,"CZK",50.34,"CZK",,,,,,,,,0.08,"CZK",,,,
Market buy,2025-11-20 14:30:00,US64110L1061,NFLX,"Netflix",,EOF42151720448,0.0270031200,111.1000000000,USD,0.04774863,,"CZK",62.92,"CZK",,,,,,,,,0.09,"CZK",,,,
Market buy,2025-11-20 14:30:00,US0079031078,AMD,"Advanced Micro Devices",,EOF42151720454,0.0103015400,232.9600000000,USD,0.04774864,,"CZK",50.34,"CZK",,,,,,,,,0.08,"CZK",,,,
Market buy,2025-11-20 14:30:00,US7731211089,RKLB,"Rocket Lab Corporation",,EOF42151720946,0.0520574200,46.1000000000,USD,0.04774864,,"CZK",50.34,"CZK",,,,,,,,,0.08,"CZK",,,,
Market buy,2025-11-20 14:30:00,US47215P1066,JD,"JD.com",,EOF42151720943,0.0412628400,29.0800000000,USD,0.04774864,,"CZK",25.17,"CZK",,,,,,,,,0.04,"CZK",,,,
Market buy,2025-11-20 14:30:02,CH0334081137,CRSP,"CRISPR Therapeutics",,EOF42151724013,0.0346085800,52.0000000000,USD,0.04774863,,"CZK",37.75,"CZK",,,,,,,,,0.06,"CZK",,,,
Market buy,2025-11-20 14:30:02,US7561091049,O,"Realty Income",,EOF42151724016,0.0211068300,56.8500000000,USD,0.04774863,,"CZK",25.17,"CZK",,,,,,,,,0.04,"CZK",,,,
Market buy,2025-11-20 14:30:02,US00287Y1091,ABBV,"AbbVie",,EOF42151724003,0.0051410600,233.4000000000,USD,0.04774864,,"CZK",25.17,"CZK",,,,,,,,,0.04,"CZK",,,,
Market buy,2025-11-20 14:30:02,US7170811035,PFE,"Pfizer",,EOF42151724008,0.0722749600,24.9000000000,USD,0.04774864,,"CZK",37.75,"CZK",,,,,,,,,0.06,"CZK",,,,
Market buy,2025-11-20 14:30:02,US5128073062,LRCX,"Lam Research",,EOF42151723995,0.0155894900,153.9400000000,USD,0.04774862,,"CZK",50.34,"CZK",,,,,,,,,0.08,"CZK",,,,
Market buy,2025-11-20 14:30:02,US2600031080,DOV,"Dover",,EOF42151724000,0.0065684400,182.6800000000,USD,0.04774861,,"CZK",25.17,"CZK",,,,,,,,,0.04,"CZK",,,,
Market buy,2025-11-20 14:30:02,US02079K3059,GOOGL,"Alphabet (Class A)",,EOF42151723986,0.0078768700,304.6700000000,USD,0.04774862,,"CZK",50.34,"CZK",,,,,,,,,0.08,"CZK",,,,
Market buy,2025-11-20 14:30:02,US5949181045,MSFT,"Microsoft",,EOF42151723990,0.0048677400,493.0100000000,USD,0.04774859,,"CZK",50.34,"CZK",,,,,,,,,0.08,"CZK",,,,
Market buy,2025-11-20 14:30:02,US7475251036,QCOM,"Qualcomm",,EOF42151723979,0.0143120600,167.6800000000,USD,0.04774863,,"CZK",50.34,"CZK",,,,,,,,,0.08,"CZK",,,,
Market buy,2025-11-20 14:30:09,US0420682058,ARM,"ARM",,EOF42151744421,0.0209488500,143.2000000000,USD,0.04774590,,"CZK",62.92,"CZK",,,,,,,,,0.09,"CZK",,,,
Market buy,2025-11-20 14:30:09,US57636Q1040,MA,"Mastercard",,EOF42151744416,0.0067450900,533.7500000000,USD,0.04774790,,"CZK",75.51,"CZK",,,,,,,,,0.11,"CZK",,,,
Market buy,2025-11-20 14:30:33,US5324571083,LLY,"Eli Lilly & Co",,EOF42154000869,0.0011453600,1047.5500000000,USD,0.04774460,,"CZK",25.17,"CZK",,,,,,,,,0.04,"CZK",,,,
Market buy,2025-11-20 14:30:48,US9311421039,WMT,"Walmart",,EOF42154001596,0.0232690000,103.1300000000,USD,0.04774635,,"CZK",50.34,"CZK",,,,,,,,,0.08,"CZK",,,,
Market buy,2025-11-20 14:32:39,US5398301094,LMT,"Lockheed Martin",,EOF42154003869,0.0037980600,474.0000000000,USD,0.04776546,,"CZK",37.75,"CZK",,,,,,,,,0.06,"CZK",,,,
Limit buy,2025-11-21 14:59:48,US76655K1034,RGTI,"Rigetti Computing",,EOF42204391203,0.8000000000,22.5000000000,USD,1.00000000,,"USD",18.00,"USD",,,,,,,,,,,,,,
Limit sell,2025-11-21 19:26:58,US76655K1034,RGTI,"Rigetti Computing",,EOF42208555575,0.8000000000,23.6100000000,USD,1.00000000,0.89,"USD",18.89,"USD",,,,,,,,,,,,,,
Deposit,2025-12-01 06:45:32,,,,"Bank Transfer",6bdd6324-0cd7-4ff8-abac-6c0201495b54,,,,,,,1000.00,"CZK",,,,,,,,,,,,,,
Dividend (Dividend),2025-12-01 14:45:21,US7170811035,PFE,"Pfizer",,,2.1916257700,0.365500,USD,20.83543427,,,16.69,"CZK",0.14,USD,,,,,,,,,,,,
Dividend (Dividend),2025-12-03 10:31:27,GB0002634946,BA,"BAE Systems",,,2.9142189700,13.500000,GBX,0.27426190,,,10.79,"CZK",0.00,GBX,,,,,,,,,,,,
Market buy,2025-12-04 08:00:03,NL0010273215,ASML,"ASML",,EOF42806890296,0.0016149300,976.2000000000,EUR,0.04145397,,"CZK",38.09,"CZK",,,,,,,,,0.06,"CZK",,,,
Market buy,2025-12-04 08:00:09,FR0000121329,HO,"Thales",,EOF42806890945,0.0116081400,225.5000000000,EUR,0.04145764,,"CZK",63.49,"CZK",,,,,,,,,0.10,"CZK",,,0.25,"CZK"
Market buy,2025-12-04 08:00:29,NL0000235190,AIR,"Airbus",,EOF42806892656,0.0158803500,198.4600000000,EUR,0.04142500,,"CZK",76.19,"CZK",,,,,,,,,0.11,"CZK",,,,
Market buy,2025-12-04 08:00:33,IE00B3XXRP09,VUSA,"Vanguard S&P 500 (Dist)",,EOF42806895735,0.0235492600,97.5475000000,GBP,0.03623870,,"CZK",63.49,"CZK",,,,,,,,,0.10,"CZK",,,,
Market buy,2025-12-04 08:00:34,GB00B63H8491,RR,"Rolls-Royce",,EOF42806896359,0.2970569400,1077.5000000000,GBX,3.62408121,,"CZK",88.89,"CZK",,,0.44,"CZK",,,,,0.13,"CZK",,,,
Market buy,2025-12-04 08:00:37,GB0002634946,BA,"BAE Systems",,EOF42806898072,0.1371894000,1666.0000000000,GBX,3.62387094,,"CZK",63.49,"CZK",,,0.32,"CZK",,,,,0.10,"CZK",,,,
Market buy,2025-12-04 08:00:42,GB00BKFB1C65,MNG,"M&G",,EOF42806899202,0.3380217300,271.7000000000,GBX,3.62289956,,"CZK",25.39,"CZK",,,,,,,,,0.04,"CZK",,,,
Market buy,2025-12-04 08:05:02,IE00B3WJKG14,QDVE,"iShares S&P 500 Information Technology Sector (Acc)",,EOF42809105900,0.0519467900,36.1800000000,EUR,0.04138812,,"CZK",45.48,"CZK",,,,,,,,,0.07,"CZK",,,,
Market buy,2025-12-04 08:05:02,IE00B3WJKG14,QDVE,"iShares S&P 500 Information Technology Sector (Acc)",,EOF42809105987,0.0060622200,36.1850000000,EUR,0.04138894,,"CZK",5.31,"CZK",,,,,,,,,0.01,"CZK",,,,
Dividend (Dividend),2025-12-04 14:27:38,FR0000121329,HO,"Thales",,,0.2551386500,0.712500,EUR,24.09422649,,,4.38,"CZK",0.06,EUR,,,,,,,,,,,,
Market buy,2025-12-04 14:30:00,US47215P1066,JD,"JD.com",,EOF42851364221,0.0409813800,29.8900000000,USD,0.04832084,,"CZK",25.39,"CZK",,,,,,,,,0.04,"CZK",,,,
Market buy,2025-12-04 14:30:01,US7731211089,RKLB,"Rocket Lab Corporation",,EOF42851364922,0.0537242300,45.6100000000,USD,0.04832108,,"CZK",50.79,"CZK",,,,,,,,,0.08,"CZK",,,,
Market buy,2025-12-04 14:30:01,US64110L1061,NFLX,"Netflix",,EOF42851365691,0.0295777600,103.5600000000,USD,0.04832107,,"CZK",63.49,"CZK",,,,,,,,,0.10,"CZK",,,,
Market buy,2025-12-04 14:30:01,US02079K3059,GOOGL,"Alphabet (Class A)",,EOF42851365688,0.0075987200,322.4700000000,USD,0.04832102,,"CZK",50.79,"CZK",,,,,,,,,0.08,"CZK",,,,
Market buy,2025-12-04 14:30:03,US0420682058,ARM,"ARM",,EOF42851370094,0.0218170700,140.4000000000,USD,0.04832176,,"CZK",63.49,"CZK",,,,,,,,,0.10,"CZK",,,,
Market buy,2025-12-04 14:30:03,US2600031080,DOV,"Dover",,EOF42851370088,0.0064228000,190.7200000000,USD,0.04832175,,"CZK",25.39,"CZK",,,,,,,,,0.04,"CZK",,,,
Market buy,2025-12-04 14:30:03,CH0334081137,CRSP,"CRISPR Therapeutics",,EOF42851370082,0.0328215200,55.9900000000,USD,0.04832176,,"CZK",38.09,"CZK",,,,,,,,,0.06,"CZK",,,,
Market buy,2025-12-04 14:30:03,US57636Q1040,MA,"Mastercard",,EOF42851370106,0.0065924900,557.6500000000,USD,0.04832153,,"CZK",76.19,"CZK",,,,,,,,,0.11,"CZK",,,,
Market buy,2025-12-04 14:30:03,US9311421039,WMT,"Walmart",,EOF42851370109,0.0215570100,113.6700000000,USD,0.04832154,,"CZK",50.79,"CZK",,,,,,,,,0.08,"CZK",,,,
Market buy,2025-12-04 14:30:03,US5128073062,LRCX,"Lam Research",,EOF42851370100,0.0155185900,157.9000000000,USD,0.04832154,,"CZK",50.79,"CZK",,,,,,,,,0.08,"CZK",,,,
Market buy,2025-12-04 14:30:03,US0079031078,AMD,"Advanced Micro Devices",,EOF42851370063,0.0112941800,216.9600000000,USD,0.04832153,,"CZK",50.79,"CZK",,,,,,,,,0.08,"CZK",,,,
Market buy,2025-12-04 14:30:03,US5949181045,MSFT,"Microsoft",,EOF42851370073,0.0051108800,479.4400000000,USD,0.04832104,,"CZK",50.79,"CZK",,,,,,,,,0.08,"CZK",,,,
Market buy,2025-12-04 14:30:08,US7561091049,O,"Realty Income",,EOF42851378542,0.0210795600,58.1100000000,USD,0.04832083,,"CZK",25.39,"CZK",,,,,,,,,0.04,"CZK",,,,
Market buy,2025-12-04 14:30:08,US7170811035,PFE,"Pfizer",,EOF42851378533,0.0716433000,25.6500000000,USD,0.04832107,,"CZK",38.09,"CZK",,,,,,,,,0.06,"CZK",,,,
Market buy,2025-12-04 14:30:08,US5324571083,LLY,"Eli Lilly & Co",,EOF42851378512,0.0011869600,1032.0000000000,USD,0.04832121,,"CZK",25.39,"CZK",,,,,,,,,0.04,"CZK",,,,
Market buy,2025-12-04 14:30:08,US00287Y1091,ABBV,"AbbVie",,EOF42851378509,0.0053203200,230.2400000000,USD,0.04832151,,"CZK",25.39,"CZK",,,,,,,,,0.04,"CZK",,,,
Market buy,2025-12-04 14:30:08,US5398301094,LMT,"Lockheed Martin",,EOF42851378524,0.0040969600,448.5400000000,USD,0.04832107,,"CZK",38.09,"CZK",,,,,,,,,0.06,"CZK",,,,
Market buy,2025-12-04 14:30:08,US7475251036,QCOM,"Qualcomm",,EOF42851378519,0.0140421900,174.5000000000,USD,0.04832108,,"CZK",50.79,"CZK",,,,,,,,,0.08,"CZK",,,,
Limit buy,2025-12-05 14:30:05,US76655K1034,RGTI,"Rigetti Computing",,EOF42903150252,0.5000000000,29.5300000000,USD,1.00000000,,"USD",14.77,"USD",,,,,,,,,,,,,,
Dividend (Dividend),2025-12-10 13:51:24,US5324571083,LLY,"Eli Lilly & Co",,,0.0370028200,1.275000,USD,20.77213171,,,0.98,"CZK",0.01,USD,,,,,,,,,,,,
Dividend (Dividend),2025-12-11 15:03:44,US5949181045,MSFT,"Microsoft",,,0.1204758400,0.773500,USD,20.71080730,,,1.93,"CZK",0.02,USD,,,,,,,,,,,,
Market sell,2025-12-12 15:49:30,IE00B3WJKG14,QDVE,"iShares S&P 500 Information Technology Sector (Acc)",,EOF43254393165,0.1191407500,35.8000000000,EUR,0.04118616,9.27,"CZK",103.40,"CZK",,,,,,,,,0.16,"CZK",,,,
Market sell,2025-12-12 15:49:30,US02079K3059,GOOGL,"Alphabet (Class A)",,EOF43254393169,0.0565627000,309.2800000000,USD,0.04834653,100.86,"CZK",361.30,"CZK",,,,,,,,,0.54,"CZK",,,,
Market sell,2025-12-12 15:49:30,US5949181045,MSFT,"Microsoft",,EOF43254393173,0.0025219200,480.0300000000,USD,0.04834653,-0.04,"CZK",25.00,"CZK",,,,,,,,,0.04,"CZK",,,,
Market sell,2025-12-12 15:49:30,US7561091049,O,"Realty Income",,EOF43254393186,0.0209590900,57.7600000000,USD,0.04834652,-1.11,"CZK",25.00,"CZK",,,,,,,,,0.04,"CZK",,,,
Market sell,2025-12-12 15:49:30,US7731211089,RKLB,"Rocket Lab Corporation",,EOF43254393177,0.0541676600,63.3700000000,USD,0.04834654,47.22,"CZK",70.89,"CZK",,,,,,,,,0.11,"CZK",,,,
Market sell,2025-12-12 15:49:30,NL0000235190,AIR,"Airbus",,EOF43254393182,0.0083499700,195.0800000000,EUR,0.04118614,5.61,"CZK",39.49,"CZK",,,,,,,,,0.06,"CZK",,,,
Market sell,2025-12-12 15:49:30,US7475251036,QCOM,"Qualcomm",,EOF43254393190,0.0522729500,181.2500000000,USD,0.04834654,4.19,"CZK",195.68,"CZK",,,,,,,,,0.29,"CZK",,,,
Market sell,2025-12-12 15:49:30,US57636Q1040,MA,"Mastercard",,EOF43254393196,0.0047241800,571.1500000000,USD,0.04834645,1.15,"CZK",55.73,"CZK",,,,,,,,,0.08,"CZK",,,,
Market sell,2025-12-12 15:49:31,GB00B63H8491,RR,"Rolls-Royce",,EOF43254393200,0.3732582200,1103.5000000000,GBX,3.61719896,39.76,"CZK",113.70,"CZK",,,,,,,,,0.17,"CZK",,,,
Market sell,2025-12-12 15:49:31,US2600031080,DOV,"Dover",,EOF43254393204,0.0386389900,202.2500000000,USD,0.04834654,22.32,"CZK",161.40,"CZK",,,,,,,,,0.24,"CZK",,,,
Market sell,2025-12-12 15:49:31,US5324571083,LLY,"Eli Lilly & Co",,EOF43254393208,0.0103158400,1023.5600000000,USD,0.04834652,35.61,"CZK",218.07,"CZK",,,,,,,,,0.33,"CZK",,,,
Market sell,2025-12-12 15:49:32,US5398301094,LMT,"Lockheed Martin",,EOF43254393214,0.0054707600,480.3000000000,USD,0.04834601,-3.15,"CZK",54.27,"CZK",,,,,,,,,0.08,"CZK",,,,
Market sell,2025-12-12 15:49:34,US9311421039,WMT,"Walmart",,EOF43254393226,0.0890366800,115.9300000000,USD,0.04834444,36.63,"CZK",213.19,"CZK",,,,,,,,,0.32,"CZK",,,,
Market sell,2025-12-12 15:49:35,US00287Y1091,ABBV,"AbbVie",,EOF43254393232,0.0054460300,222.2800000000,USD,0.04834439,-0.10,"CZK",25.00,"CZK",,,,,,,,,0.04,"CZK",,,,
Market sell,2025-12-12 15:49:46,GB00BKFB1C65,MNG,"M&G",,EOF43254393302,1.1445003700,274.4000000000,GBX,3.61726447,6.07,"CZK",86.69,"CZK",,,,,,,,,0.13,"CZK",,,,
Market buy,2025-12-12 15:49:46,FR0000121329,HO,"Thales",,EOF43254393316,0.0059204000,232.4000000000,EUR,0.04119463,,"CZK",33.58,"CZK",,,,,,,,,0.05,"CZK",,,0.13,"CZK"
Market buy,2025-12-12 15:49:47,IE00B3XXRP09,VUSA,"Vanguard S&P 500 (Dist)",,EOF43254393319,0.0603518200,97.4825000000,GBP,0.03619790,,"CZK",162.77,"CZK",,,,,,,,,0.24,"CZK",,,,
Market buy,2025-12-12 15:49:47,NL0010273215,ASML,"ASML",,EOF43254393322,0.0085900000,934.0000000000,EUR,0.04119459,,"CZK",195.05,"CZK",,,,,,,,,0.29,"CZK",,,,
Market buy,2025-12-12 15:49:47,CH0334081137,CRSP,"CRISPR Therapeutics",,EOF43254393325,0.0937125100,57.8400000000,USD,0.04836127,,"CZK",112.25,"CZK",,,,,,,,,0.17,"CZK",,,,
Market buy,2025-12-12 15:49:47,US7170811035,PFE,"Pfizer",,EOF43254393328,0.3861617200,25.8900000000,USD,0.04836127,,"CZK",207.04,"CZK",,,,,,,,,0.31,"CZK",,,,
Market buy,2025-12-12 15:49:47,US0079031078,AMD,"Advanced Micro Devices",,EOF43254393331,0.0700145300,214.7800000000,USD,0.04836057,,"CZK",311.42,"CZK",,,,,,,,,0.47,"CZK",,,,
Market buy,2025-12-12 15:49:48,US64110L1061,NFLX,"Netflix",,EOF43254393334,0.0813373700,95.6600000000,USD,0.04836057,,"CZK",161.13,"CZK",,,,,,,,,0.24,"CZK",,,,
Market buy,2025-12-12 15:49:48,US5128073062,LRCX,"Lam Research",,EOF43254393337,0.0289203500,163.2400000000,USD,0.04836056,,"CZK",97.77,"CZK",,,,,,,,,0.15,"CZK",,,,
Market buy,2025-12-12 15:49:48,US0420682058,ARM,"ARM",,EOF43254393340,0.1025779900,133.6000000000,USD,0.04836057,,"CZK",283.81,"CZK",,,,,,,,,0.43,"CZK",,,,
Market buy,2025-12-12 15:49:50,GB0002634946,BA,"BAE Systems",,EOF43254393350,0.3303286100,1699.5000000000,GBX,3.61979155,,"CZK",156.10,"CZK",,,0.78,"CZK",,,,,0.23,"CZK",,,,
Deposit,2025-12-15 09:00:28,,,,"Bank Transfer",c4ffc05c-aa14-4f99-8b84-6f7796894b74,,,,,,,1000.00,"CZK",,,,,,,,,,,,,,
Dividend (Dividend),2025-12-15 14:33:40,US02079K3059,GOOGL,"Alphabet (Class A)",,,0.2487929100,0.178500,USD,20.71627211,,,0.92,"CZK",0.01,USD,,,,,,,,,,,,
Dividend (Dividend),2025-12-15 15:31:09,US2600031080,DOV,"Dover",,,0.1790926800,0.442000,USD,20.71780510,,,1.64,"CZK",0.01,USD,,,,,,,,,,,,
Dividend (Dividend),2025-12-15 15:52:27,US7561091049,O,"Realty Income",,,0.5135093100,0.229075,USD,20.65761868,,,2.43,"CZK",0.02,USD,,,,,,,,,,,,
Limit buy,2025-12-17 14:52:48,US7561091049,O,"Realty Income",,EOF43503017535,0.1000000000,57.3000000000,USD,1.00000000,,"USD",5.73,"USD",,,,,,,,,,,,,,
Dividend (Dividend),2025-12-18 11:47:35,US7475251036,QCOM,"Qualcomm",,,0.3656775100,0.756500,USD,20.74936015,,,5.74,"CZK",0.05,USD,,,,,,,,,,,,
Currency conversion,2025-12-22 05:19:12,,,,"500.00 CZK -> 20.53 EUR",94GZ7MTHPGE3KAKC,,,,,,,-0.03,"EUR",,,,,500.00,"CZK",20.53,"EUR",-0.03,"EUR",,,,
Currency conversion,2025-12-22 05:19:58,,,,"500.00 CZK -> 24.07 USD",2RFPN45PN900U7AR,,,,,,,-0.04,"USD",,,,,500.00,"CZK",24.07,"USD",-0.04,"USD",,,,
Limit buy,2025-12-22 14:34:22,US1280302027,CALM,"Cal-Maine Foods",,EOF43759744791,0.2000000000,85.3800000000,USD,1.00000000,,"USD",17.08,"USD",,,,,,,,,,,,,,
Dividend (Dividend),2025-12-26 12:27:12,US67066G1040,NVDA,"Nvidia",,,0.0827313000,0.008500,USD,14.22038077,,,0.01,"CZK",0.00,USD,,,,,,,,,,,,
Dividend (Dividend),2025-12-30 15:03:39,US5398301094,LMT,"Lockheed Martin",,,0.1018918900,2.932500,USD,20.61593675,,,6.16,"CZK",0.05,USD,,,,,,,,,,,,