Action;Time;ISIN;Ticker;Name;ID;No. of shares;Price / share;Currency (Price / share);Exchange rate;Result;Currency (Result);Total;Currency (Total);Stamp duty reserve tax;Currency (Stamp duty reserve tax);Currency conversion fee;Currency (Currency conversion fee);French transaction tax;Currency (French transaction tax);;;
Market buy;07.12.2023;US5949181045;MSFT;Microsoft;EOF7052990396;0.0032788;369.21;USD;0.04440813;;CZK;27.3;CZK;;;0.04;CZK;;;;;
Market buy;07.12.2023;US7475251036;QCOM;Qualcomm;EOF7052990400;0.0168486;131.72;USD;0.04441259;;CZK;50.04;CZK;;;0.07;CZK;;;;;
Market buy;07.12.2023;US57636Q1040;MA;Mastercard;EOF7052990404;0.0039101;412.87;USD;0.04441163;;CZK;36.4;CZK;;;0.05;CZK;;;;;
Market buy;07.12.2023;US9311421039;WMT;Walmart;EOF7052990408;0.0092204;153.17;USD;0.04441159;;CZK;31.85;CZK;;;0.05;CZK;;;;;
Market buy;07.12.2023;US64110L1061;NFLX;Netflix;EOF7052990412;0.0031328;450.8;USD;0.04441088;;CZK;31.85;CZK;;;0.05;CZK;;;;;
Market buy;07.12.2023;US0420682058;ARM;ARM;EOF7052990416;0.041854;62.67;USD;0.04441229;;CZK;59.15;CZK;;;0.09;CZK;;;;;
Market buy;07.12.2023;US64104Y1064;NTOIY;Neste;EOF7052990801;0.063951;18.93;USD;0.04440911;;CZK;27.3;CZK;;;0.04;CZK;;;;;
Market buy;07.12.2023;US05606L1008;BYDDY;BYD;EOF7052990810;0.058824;54.88;USD;0.04441135;;CZK;72.8;CZK;;;0.11;CZK;;;;1;0.058824
Market buy;08.12.2023;DE0006599905;MRK;Merck;EOF7102063513;0.0077418;144.9;EUR;0.04115138;;CZK;27.3;CZK;;;0.04;CZK;;;;;
Market buy;08.12.2023;FR0000120644;BN;Danone;EOF7102063537;0.022113;59;EUR;0.04115668;;CZK;31.75;CZK;;;0.05;CZK;;;;;
Market buy;08.12.2023;NL0000235190;AIR;Airbus;EOF7102063635;0.0080171;139.7;EUR;0.04108543;;CZK;27.3;CZK;;;0.04;CZK;;;;;
Market buy;08.12.2023;CH0012005267;NOVN;Novartis;EOF7102063739;0.01465;84.24;CHF;0.03880867;;CZK;31.85;CZK;;;0.05;CZK;;;;;
Market buy;15.12.2023;US0420682058;ARM;ARM;EOF7402524134;0.141641;70.6;USD;1;;USD;10;USD;;;;;;;;;
Market buy;18.12.2023;GB00B63H8491;RR;Rolls-Royce;EOF7550053103;1.0065987;294.8;GBX;3.51385786;;CZK;85;CZK;0.42;CZK;0.13;CZK;;;;;
Market buy;18.12.2023;FR0000121329;HO;Thales;EOF7550053488;0.0226425;135.55;EUR;0.04078117;;CZK;75.6;CZK;;;0.11;CZK;0.23;CZK;;;
Market buy;18.12.2023;GB0002634946;BA;BAE Systems;EOF7550053570;0.24663129;1070.5;GBX;3.51509513;;CZK;75.6;CZK;0.38;CZK;0.11;CZK;;;;;
Market buy;18.12.2023;NL0000235190;AIR;Airbus;EOF7550053769;0.0172021;139.18;EUR;0.0407799;;CZK;58.8;CZK;;;0.09;CZK;;;;;
Market buy;18.12.2023;CH0038863350;NESN;Nestle;EOF7550054021;0.01657;97.79;CHF;0.03864489;;CZK;41.99;CZK;;;0.06;CZK;;;;;
Market buy;18.12.2023;FR0000120644;BN;Danone;EOF7550054065;0.017665;57.91;EUR;0.04077242;;CZK;25.13;CZK;;;0.04;CZK;;;;;
Market buy;18.12.2023;US7475251036;QCOM;Qualcomm;EOF7550063279;0.0292874;142.72;USD;1;;USD;4.18;USD;;;;;;;;;
Market buy;18.12.2023;US0420682058;ARM;ARM;EOF7550064394;0.059375;70.4;USD;1;;USD;4.18;USD;;;;;;;;;
Market buy;18.12.2023;US64110L1061;NFLX;Netflix;EOF7550070079;0.003983;477;USD;1;;USD;1.9;USD;;;;;;;;;
Market buy;18.12.2023;US5398301094;LMT;Lockheed Martin;EOF7550072544;0.0077042;443.9;USD;1;;USD;3.42;USD;;;;;;;;;
Market buy;18.12.2023;US5949181045;MSFT;Microsoft;EOF7550082211;0.0061673;369.67;USD;1;;USD;2.28;USD;;;;;;;;;
Market buy;18.12.2023;US57636Q1040;MA;Mastercard;EOF7550086581;0.008129;420.7;USD;1;;USD;3.42;USD;;;;;;;;;
Market buy;18.12.2023;US62914V1061;NIO;NIO;EOF7550086945;0.26541;8.59;USD;1;;USD;2.28;USD;;;;;;;;;
Market buy;18.01.2024;GB0002634946;BA;BAE Systems;EOF8951957479;0.22128738;1177.5;GBX;3.46912381;;CZK;75.6;CZK;0.38;CZK;0.11;CZK;;;;;
Market buy;18.01.2024;NL0000235190;AIR;Airbus;EOF8951957518;0.0160721;147.74;EUR;0.04044442;;CZK;58.8;CZK;;;0.09;CZK;;;;;
Market buy;18.01.2024;GB00B63H8491;RR;Rolls-Royce;EOF8951957579;0.9784596;295.9;GBX;3.4690414;;CZK;84.01;CZK;0.42;CZK;0.13;CZK;;;;;
Market buy;18.01.2024;FR0000121329;HO;Thales;EOF8951957891;0.0225968;134.7;EUR;0.04044364;;CZK;75.6;CZK;;;0.11;CZK;0.23;CZK;;;
Market buy;18.01.2024;FR0000120644;BN;Danone;EOF8951958389;0.016605;61.1;EUR;0.04043704;;CZK;25.13;CZK;;;0.04;CZK;;;;;
Market buy;18.01.2024;US64104Y1064;NTOIY;Neste;EOF8951982516;0.102577;18;USD;0.04402446;;CZK;42;CZK;;;0.06;CZK;;;;;
Market buy;18.01.2024;US5949181045;MSFT;Microsoft;EOF9000201246;0.0056387;391.7;USD;0.04389266;;CZK;50.4;CZK;;;0.08;CZK;;;;;
Market buy;18.01.2024;US0420682058;ARM;ARM;EOF9000201249;0.056082;72.21;USD;0.04388946;;CZK;92.41;CZK;;;0.14;CZK;;;;;
Market buy;18.01.2024;US62914V1061;NIO;NIO;EOF9000201286;0.34296;6.44;USD;0.04389233;;CZK;50.4;CZK;;;0.08;CZK;;;;;
Market buy;18.01.2024;US7475251036;QCOM;Qualcomm;EOF9000201298;0.0280839;144.2;USD;0.04388965;;CZK;92.41;CZK;;;0.14;CZK;;;;;
Market buy;18.01.2024;US57636Q1040;MA;Mastercard;EOF9000201336;0.0076952;430.54;USD;0.04388781;;CZK;75.6;CZK;;;0.11;CZK;;;;;
Market buy;18.01.2024;US64110L1061;NFLX;Netflix;EOF9000201674;0.0037958;484.9;USD;0.0438861;;CZK;42;CZK;;;0.06;CZK;;;;;
Market buy;18.01.2024;US5398301094;LMT;Lockheed Martin;EOF9000202308;0.0072657;455.99;USD;0.04388775;;CZK;75.6;CZK;;;0.11;CZK;;;;;
Market sell;12.02.2024;NL0000235190;AIR;Airbus;EOF10200110773;0.0066528;149.14;EUR;0.03962454;1.73;CZK;25;CZK;;;0.04;CZK;;;;;
Market sell;12.02.2024;DE0006599905;MRK;Merck;EOF10200110781;0.0077418;152.95;EUR;0.03964205;2.61;CZK;29.83;CZK;;;0.04;CZK;;;;;
Market sell;12.02.2024;FR0000120644;BN;Danone;EOF10200110785;0.019814;60.87;EUR;0.03963451;1.66;CZK;30.38;CZK;;;0.05;CZK;;;;;
Market sell;12.02.2024;CH0012005267;NOVN;Novartis;EOF10200110791;0.01465;87.12;CHF;0.03736264;2.36;CZK;34.11;CZK;;;0.05;CZK;;;;;
Market sell;12.02.2024;US05606L1008;BYDDY;BYD;EOF10200118096;0.058824;47.03;USD;0.04271256;-7.92;CZK;64.67;CZK;;;0.1;CZK;;;;-1;-0.058824
Market sell;12.02.2024;US64104Y1064;NTOIY;Neste;EOF10200120598;0.082387;14.41;USD;0.04268956;-6.43;CZK;27.77;CZK;;;0.04;CZK;;;;;
Market sell;12.02.2024;US7475251036;QCOM;Qualcomm;EOF10200129120;0.0071125;150.34;USD;0.0427034;2.41;CZK;25;CZK;;;0.04;CZK;;;;;
Market sell;12.02.2024;US0420682058;ARM;ARM;EOF10200131871;0.0381309;120.01;USD;0.0427113;47.26;CZK;106.98;CZK;;;0.16;CZK;;;;;
Market sell;12.02.2024;US5949181045;MSFT;Microsoft;EOF10200133859;0.0025432;420.45;USD;0.04270321;3.32;CZK;25;CZK;;;0.04;CZK;;;;;
Market sell;12.02.2024;US64110L1061;NFLX;Netflix;EOF10200134796;0.0019117;559.34;USD;0.04270328;4.64;CZK;25;CZK;;;0.04;CZK;;;;;
Market sell;12.02.2024;US9311421039;WMT;Walmart;EOF10200143269;0.0092204;169.17;USD;0.04272295;4.71;CZK;36.46;CZK;;;0.05;CZK;;;;;
Market buy;12.02.2024;US67066G1040;NVDA;Nvidia;EOF10201111342;0.0085581;724.4;USD;0.04273151;;CZK;145.3;CZK;;;0.22;CZK;;;;;
Market buy;12.02.2024;US86800U3023;SMCI;Super Micro Computer;EOF10201111346;0.0040655;762.43;USD;0.04273034;;CZK;72.65;CZK;;;0.11;CZK;;;;;
Market buy;12.02.2024;FR0000121329;HO;Thales;EOF10201111349;0.0074398;133.9;EUR;0.03968881;;CZK;25.14;CZK;;;0.04;CZK;;;;;
Market buy;12.02.2024;GB0002634946;BA;BAE Systems;EOF10201111372;0.1015796;1216;GBX;3.38784403;;CZK;36.69;CZK;0.18;CZK;0.05;CZK;;;;;
Market buy;12.02.2024;GB00B63H8491;RR;Rolls-Royce;EOF10201111742;0.2983026;309.6;GBX;3.38791214;;CZK;27.3;CZK;;;0.04;CZK;;;;;
Market buy;12.02.2024;US5398301094;LMT;Lockheed Martin;EOF10201112107;0.0029006;428.77;USD;0.04273849;;CZK;29.14;CZK;;;0.04;CZK;;;;;
Market sell;22.02.2024;US86800U3023;SMCI;Super Micro Computer;EOF10652228371;0.0010951;975;USD;0.04265771;5.49;CZK;24.99;CZK;;;0.04;CZK;;;;;
Market sell;22.02.2024;US64104Y1064;NTOIY;Neste;EOF10652229204;0.084141;14.8;USD;0.04269066;-5.79;CZK;29.13;CZK;;;0.04;CZK;;;;;
Market buy;22.02.2024;US67066G1040;NVDA;Nvidia;EOF10652229228;0.0015946;779.28;USD;0.04268773;;CZK;29.15;CZK;;;0.04;CZK;;;;;
Market buy;22.02.2024;US57636Q1040;MA;Mastercard;EOF10652229231;0.0051755;471.76;USD;0.0426852;;CZK;57.29;CZK;;;0.09;CZK;;;;;
Market buy;22.02.2024;US5949181045;MSFT;Microsoft;EOF10652229234;0.0032422;411.53;USD;0.04268274;;CZK;31.31;CZK;;;0.05;CZK;;;;;
Market buy;22.02.2024;US7475251036;QCOM;Qualcomm;EOF10652229237;0.0132417;155.13;USD;0.04267992;;CZK;48.2;CZK;;;0.07;CZK;;;;;
Market buy;22.02.2024;US5398301094;LMT;Lockheed Martin;EOF10652229240;0.0027969;427.72;USD;0.04267891;;CZK;28.07;CZK;;;0.04;CZK;;;;;
Market buy;22.02.2024;US9311421039;WMT;Walmart;EOF10652229244;0.0090183;175.32;USD;0.04268597;;CZK;37.1;CZK;;;0.06;CZK;;;;;
Market buy;22.02.2024;US62914V1061;NIO;NIO;EOF10652229247;0.20255;5.79;USD;0.04267701;;CZK;27.52;CZK;;;0.04;CZK;;;;;
Market buy;23.02.2024;FR0000121329;HO;Thales;EOF10652248788;0.0080624;134.5;EUR;0.03943246;;CZK;27.54;CZK;;;0.04;CZK;;;;;
Market buy;23.02.2024;NL0000235190;AIR;Airbus;EOF10652249786;0.0123355;147.46;EUR;0.03944043;;CZK;46.19;CZK;;;0.07;CZK;;;;;
Market buy;23.02.2024;GB0002634946;BA;BAE Systems;EOF10652902991;0.08261424;1235.5;GBX;3.37198194;;CZK;30.47;CZK;0.15;CZK;0.05;CZK;;;;;
Market buy;07.03.2024;FR0000120644;BN;Danone;EOF11302145515;0.022427;58.62;EUR;0.03942041;;CZK;33.4;CZK;;;0.05;CZK;;;;;
Market buy;07.03.2024;FR0000121329;HO;Thales;EOF11302145613;0.0313215;146.95;EUR;0.0394235;;CZK;117.28;CZK;;;0.18;CZK;0.35;CZK;;;
Market buy;07.03.2024;NL0000235190;AIR;Airbus;EOF11302145634;0.0250557;157.92;EUR;0.03942209;;CZK;100.52;CZK;;;0.15;CZK;;;;;
Market buy;07.03.2024;GB00B63H8491;RR;Rolls-Royce;EOF11302145822;1.1822965;380;GBX;3.37393113;;CZK;134.03;CZK;0.67;CZK;0.2;CZK;;;;;
Market buy;07.03.2024;GB0002634946;BA;BAE Systems;EOF11302145873;0.35181887;1277;GBX;3.37393133;;CZK;134.03;CZK;0.67;CZK;0.2;CZK;;;;;
Market buy;07.03.2024;US05606L1008;BYDDY;BYD;EOF11303081277;0.102878;48.6;USD;1;;USD;5;USD;;;;;;;;1;0.102878
Market buy;07.03.2024;US05606L1008;BYDDY;BYD;EOF11303081853;0.029618;48.53;USD;0.04297044;;CZK;33.5;CZK;;;0.05;CZK;;;;1;0.029618
Market buy;07.03.2024;US7475251036;QCOM;Qualcomm;EOF11350621904;0.0418719;171.8;USD;0.04300073;;CZK;167.54;CZK;;;0.25;CZK;;;;;
Market buy;07.03.2024;US67066G1040;NVDA;Nvidia;EOF11350621920;0.007952;904.62;USD;0.0430004;;CZK;167.54;CZK;;;0.25;CZK;;;;;
Market buy;07.03.2024;US5949181045;MSFT;Microsoft;EOF11350621925;0.0089131;403.54;USD;0.04300325;;CZK;83.77;CZK;;;0.13;CZK;;;;;
Market buy;07.03.2024;US0420682058;ARM;ARM;EOF11350621941;0.055079;143.67;USD;0.04300184;;CZK;184.3;CZK;;;0.28;CZK;;;;;
Market buy;07.03.2024;US9311421039;WMT;Walmart;EOF11350622014;0.023636;60.85;USD;0.04299702;;CZK;33.5;CZK;;;0.05;CZK;;;;;
Market buy;07.03.2024;US57636Q1040;MA;Mastercard;EOF11350622061;0.0152426;471.94;USD;0.04300073;;CZK;167.54;CZK;;;0.25;CZK;;;;;
Market buy;07.03.2024;US64110L1061;NFLX;Netflix;EOF11350622173;0.0059834;601.12;USD;0.04300264;;CZK;83.77;CZK;;;0.13;CZK;;;;;
Market buy;07.03.2024;US62914V1061;NIO;NIO;EOF11350622213;0.25277;5.69;USD;0.04299734;;CZK;33.5;CZK;;;0.05;CZK;;;;;
Market buy;07.03.2024;US86800U3023;SMCI;Super Micro Computer;EOF11350622353;0.0031718;1133.99;USD;0.04300322;;CZK;83.77;CZK;;;0.13;CZK;;;;;
Market buy;07.03.2024;US5398301094;LMT;Lockheed Martin;EOF11350622996;0.011588;434.55;USD;0.04300226;;CZK;117.28;CZK;;;0.18;CZK;;;;;
Market sell;15.03.2024;FR0000121329;HO;Thales;EOF11652311034;0.0067855;146.4;EUR;0.03967241;1.46;CZK;25;CZK;;;0.04;CZK;;;;;
Market sell;15.03.2024;NL0000235190;AIR;Airbus;EOF11652311771;0.0061855;160.6;EUR;0.03967217;2.04;CZK;25;CZK;;;0.04;CZK;;;;;
Market sell;15.03.2024;GB00B63H8491;RR;Rolls-Royce;EOF11652312162;0.2193219;387;GBX;3.38967952;4.26;CZK;25;CZK;;;0.04;CZK;;;;;
Market sell;15.03.2024;GB0002634946;BA;BAE Systems;EOF11652313361;0.0656003;1293.5;GBX;3.38873754;2.16;CZK;25;CZK;;;0.04;CZK;;;;;
Market sell;15.03.2024;US7475251036;QCOM;Qualcomm;EOF11700256018;0.0064796;167.17;USD;0.04325857;2.3;CZK;25;CZK;;;0.04;CZK;;;;;
Market sell;15.03.2024;US5949181045;MSFT;Microsoft;EOF11700258244;0.0025892;418.3;USD;0.04327056;1.76;CZK;24.99;CZK;;;0.04;CZK;;;;;
Market sell;15.03.2024;US67066G1040;NVDA;Nvidia;EOF11700260063;0.0012476;868.2;USD;0.04327472;1.5;CZK;24.99;CZK;;;0.04;CZK;;;;;
Market sell;15.03.2024;US5398301094;LMT;Lockheed Martin;EOF11700262138;0.0025013;433;USD;0.04327059;-0.29;CZK;24.99;CZK;;;0.04;CZK;;;;;
Market sell;15.03.2024;US62914V1061;NIO;NIO;EOF11700264185;0.25684;5.7;USD;0.04327484;-5.4;CZK;33.78;CZK;;;0.05;CZK;;;;;
Market sell;15.03.2024;US9311421039;WMT;Walmart;EOF11700269836;0.017874;60.6;USD;0.04327464;0.17;CZK;24.99;CZK;;;0.04;CZK;;;;;
Market sell;15.03.2024;US57636Q1040;MA;Mastercard;EOF11700270605;0.002281;475;USD;0.04326976;1.57;CZK;25;CZK;;;0.04;CZK;;;;;
Market buy;15.03.2024;US0420682058;ARM;ARM;EOF11700271837;0.0135364;129.48;USD;0.04330845;;CZK;40.53;CZK;;;0.06;CZK;;;;;
Market buy;15.03.2024;US05606L1008;BYDDY;BYD;EOF11700271840;0.026824;53.75;USD;0.04331;;CZK;33.34;CZK;;;0.05;CZK;;;;1;0.026824
Market buy;21.03.2024;GB0002634946;BA;BAE Systems;EOF11902104235;0.29286058;1343.5;GBX;3.39012742;;CZK;116.81;CZK;0.58;CZK;0.17;CZK;;;;;
Market buy;21.03.2024;NL0000235190;AIR;Airbus;EOF11902104258;0.0204871;169.34;EUR;0.03966257;;CZK;87.6;CZK;;;0.13;CZK;;;;;
Market buy;21.03.2024;FR0000121329;HO;Thales;EOF11902104425;0.0261555;154.3;EUR;0.03966381;;CZK;102.21;CZK;;;0.15;CZK;0.31;CZK;;;
Market buy;21.03.2024;FR0000120644;BN;Danone;EOF11902104547;0.019402;59.42;EUR;0.0396583;;CZK;29.11;CZK;;;0.04;CZK;;;;;
Market buy;21.03.2024;GB00B63H8491;RR;Rolls-Royce;EOF11902104989;0.9449044;416.4;GBX;3.39012745;;CZK;116.81;CZK;0.58;CZK;0.17;CZK;;;;;
Market buy;21.03.2024;US05606L1008;BYDDY;BYD;EOF11902128506;0.022592;55.85;USD;0.04327034;;CZK;29.2;CZK;;;0.04;CZK;;;;1;0.022592
Market buy;21.03.2024;US57636Q1040;MA;Mastercard;EOF11950760378;0.0129148;486.58;USD;0.04310366;;CZK;146.01;CZK;;;0.22;CZK;;;;;
Market buy;21.03.2024;US0420682058;ARM;ARM;EOF11950760381;0.0517666;133.53;USD;0.04310278;;CZK;160.61;CZK;;;0.24;CZK;;;;;
Market buy;21.03.2024;US67066G1040;NVDA;Nvidia;EOF11950760387;0.0068537;916.89;USD;0.0431037;;CZK;146.01;CZK;;;0.22;CZK;;;;;
Market buy;21.03.2024;US64110L1061;NFLX;Netflix;EOF11950760403;0.0049812;630.73;USD;0.0431032;;CZK;73;CZK;;;0.11;CZK;;;;;
Market buy;21.03.2024;US86800U3023;SMCI;Super Micro Computer;EOF11950760408;0.0033855;928;USD;0.04310253;;CZK;73;CZK;;;0.11;CZK;;;;;
Market buy;21.03.2024;US62914V1061;NIO;NIO;EOF11950760477;0.24689;5.09;USD;0.04311046;;CZK;29.19;CZK;;;0.04;CZK;;;;;
Market buy;21.03.2024;US7475251036;QCOM;Qualcomm;EOF11950760484;0.0368698;170.44;USD;0.0431037;;CZK;146.01;CZK;;;0.22;CZK;;;;;
Market buy;21.03.2024;US5949181045;MSFT;Microsoft;EOF11950760523;0.0073;430.38;USD;0.04310294;;CZK;73;CZK;;;0.11;CZK;;;;;
Market buy;21.03.2024;US5398301094;LMT;Lockheed Martin;EOF11950760757;0.0099904;440.32;USD;0.04310183;;CZK;102.21;CZK;;;0.15;CZK;;;;;
Market buy;21.03.2024;US9311421039;WMT;Walmart;EOF11950760840;0.02049;61.33;USD;0.04310983;;CZK;29.19;CZK;;;0.04;CZK;;;;;
Market buy;16.05.2024;NL0000235190;AIR;Airbus;EOF14504652958;0.0191413;159.44;EUR;0.04046524;;CZK;75.53;CZK;;;0.11;CZK;;;;;
Market buy;16.05.2024;FR0000121329;HO;Thales;EOF14504653184;0.0213533;166.25;EUR;0.0404649;;CZK;88.12;CZK;;;0.13;CZK;0.26;CZK;;;
Market buy;16.05.2024;FR0000120644;BN;Danone;EOF14504653507;0.017011;59.62;EUR;0.0404707;;CZK;25.1;CZK;;;0.04;CZK;;;;;
Market buy;16.05.2024;GB0002634946;BA;BAE Systems;EOF14504653887;0.25297772;1373.5;GBX;3.47221843;;CZK;100.72;CZK;0.5;CZK;0.15;CZK;;;;;
Market buy;16.05.2024;GB00B63H8491;RR;Rolls-Royce;EOF14504654096;0.8127833;427.5;GBX;3.47221805;;CZK;100.72;CZK;0.5;CZK;0.15;CZK;;;;;
Market buy;16.05.2024;US05606L1008;BYDDY;BYD;EOF14504689216;0.019258;57.43;USD;0.04399311;;CZK;25.18;CZK;;;0.04;CZK;;;;1;0.019258
Market buy;16.05.2024;US5949181045;MSFT;Microsoft;EOF14550511631;0.0065168;423.73;USD;0.04393577;;CZK;62.94;CZK;;;0.09;CZK;;;;;
Market buy;16.05.2024;US64110L1061;NFLX;Netflix;EOF14550511640;0.004493;614.6;USD;0.04393632;;CZK;62.94;CZK;;;0.09;CZK;;;;;
Market buy;16.05.2024;US47215P1066;JD;JD.com;EOF14550511649;0.151036;32.91;USD;0.04393313;;CZK;113.31;CZK;;;0.17;CZK;;;;;
Market buy;16.05.2024;US7475251036;QCOM;Qualcomm;EOF14550511662;0.0284779;193.95;USD;0.04393325;;CZK;125.91;CZK;;;0.19;CZK;;;;;
Market buy;16.05.2024;US67066G1040;NVDA;Nvidia;EOF14550511676;0.0034954;948;USD;0.04393581;;CZK;75.53;CZK;;;0.11;CZK;;;;;
Market buy;16.05.2024;US86800U3023;SMCI;Super Micro Computer;EOF14550511730;0.0011825;934;USD;0.04393217;;CZK;25.18;CZK;;;0.04;CZK;;;;;
Market buy;16.05.2024;US57636Q1040;MA;Mastercard;EOF14550511739;0.0119603;461.8;USD;0.04393307;;CZK;125.91;CZK;;;0.19;CZK;;;;;
Market buy;16.05.2024;US9311421039;WMT;Walmart;EOF14550511768;0.017333;63.72;USD;0.04393232;;CZK;25.18;CZK;;;0.04;CZK;;;;;
Market buy;16.05.2024;US0420682058;ARM;ARM;EOF14550511986;0.0527395;115.2;USD;0.04393369;;CZK;138.5;CZK;;;0.21;CZK;;;;;
Market buy;16.05.2024;US5398301094;LMT;Lockheed Martin;EOF14550512715;0.0083362;463.76;USD;0.04393177;;CZK;88.13;CZK;;;0.13;CZK;;;;;
Market sell;07.06.2024;US86800U3023;SMCI;Super Micro Computer;EOF15650463644;0.0035297;763;USD;0.04402748;-16.17;CZK;61.08;CZK;;;0.09;CZK;;;;;
Market sell;07.06.2024;US0420682058;ARM;ARM;EOF15650469271;0.0085845;136.56;USD;0.04402175;8.18;CZK;26.59;CZK;;;0.04;CZK;;;;;
Market sell;07.06.2024;US05606L1008;BYDDY;BYD;EOF15650472317;0.019001;58.01;USD;0.04401948;2.61;CZK;25;CZK;;;0.04;CZK;;;;-1;-0.019001
Market sell;07.06.2024;US67066G1040;NVDA;Nvidia;EOF15650472298;0.02477727;1197.23;USD;0.0440231;182.81;CZK;672.82;CZK;;;1.01;CZK;;;;;
Market sell;07.06.2024;US7475251036;QCOM;Qualcomm;EOF15650472907;0.0206176;209.17;USD;0.04402841;20.79;CZK;97.8;CZK;;;0.15;CZK;;;;;
Market sell;07.06.2024;US62914V1061;NIO;NIO;EOF15650474286;0.78833;4.82;USD;0.04403465;-27.72;CZK;86.16;CZK;;;0.13;CZK;;;;;
Market buy;07.06.2024;GB0002634946;BA;BAE Systems;EOF15650475892;0.15224285;1400;GBX;3.46006477;;CZK;62;CZK;0.31;CZK;0.09;CZK;;;;;
Market buy;07.06.2024;FR0000121329;HO;Thales;EOF15650475931;0.0215581;173.35;EUR;0.04065596;;CZK;92.34;CZK;;;0.14;CZK;0.28;CZK;;;
Market buy;07.06.2024;US47215P1066;JD;JD.com;EOF15650475934;0.687121;29.46;USD;0.04403529;;CZK;460.38;CZK;;;0.69;CZK;;;;;
Market buy;07.06.2024;NL0000235190;AIR;Airbus;EOF15650475943;0.0136172;149.12;EUR;0.04066073;;CZK;50.01;CZK;;;0.07;CZK;;;;;
Market buy;07.06.2024;US57636Q1040;MA;Mastercard;EOF15650475956;0.0065519;449.9;USD;0.04403495;;CZK;67.04;CZK;;;0.1;CZK;;;;;
Market buy;07.06.2024;GB00B63H8491;RR;Rolls-Royce;EOF15650475969;0.7498603;454.6;GBX;3.46007401;;CZK;99.16;CZK;0.49;CZK;0.15;CZK;;;;;
Limit buy;20.08.2024;US7731211089;RKLB;Rocket Lab Corporation;EOF19300802277;2;6.99;USD;1;;USD;13.98;USD;;;;;;;;;
Market buy;22.08.2024;NL0000235190;AIR;Airbus;EOF19352640807;0.0455664;139.28;EUR;0.03990749;;CZK;159.27;CZK;;;0.24;CZK;;;;;
Market buy;22.08.2024;FR0000121329;HO;Thales;EOF19352640840;0.0641534;147.95;EUR;0.03990706;;CZK;238.91;CZK;;;0.36;CZK;0.71;CZK;;;
Market buy;22.08.2024;GB0002634946;BA;BAE Systems;EOF19352640926;0.61164495;1319;GBX;3.39888645;;CZK;238.91;CZK;1.19;CZK;0.36;CZK;;;;;
Market buy;22.08.2024;FR0000120644;BN;Danone;EOF19352641097;0.034872;60.48;EUR;0.0399065;;CZK;53.09;CZK;;;0.08;CZK;0.16;CZK;;;
Market buy;22.08.2024;GB00B63H8491;RR;Rolls-Royce;EOF19352641172;1.80878;495.6;GBX;3.39892078;;CZK;265.46;CZK;1.32;CZK;0.4;CZK;;;;;
Market buy;22.08.2024;US05606L1008;BYDDY;BYD;EOF19353825307;0.040322;58.36;USD;0.04439147;;CZK;53.09;CZK;;;0.08;CZK;;;;1;0.040322
Market buy;22.08.2024;US5949181045;MSFT;Microsoft;EOF19353849625;0.0138;426.44;USD;0.04440407;;CZK;132.73;CZK;;;0.2;CZK;;;;;
Market buy;22.08.2024;US64110L1061;NFLX;Netflix;EOF19353849676;0.0084553;696;USD;0.0444042;;CZK;132.73;CZK;;;0.2;CZK;;;;;
Market buy;22.08.2024;US9311421039;WMT;Walmart;EOF19353849735;0.031056;75.79;USD;0.0444017;;CZK;53.09;CZK;;;0.08;CZK;;;;;
Market buy;22.08.2024;US7475251036;QCOM;Qualcomm;EOF19353849814;0.0676886;173.88;USD;0.04440388;;CZK;265.46;CZK;;;0.4;CZK;;;;;
Market buy;22.08.2024;US67066G1040;NVDA;Nvidia;EOF19353849817;0.0090404;130.16;USD;0.04440371;;CZK;26.54;CZK;;;0.04;CZK;;;;;
Market buy;22.08.2024;US86800U3023;SMCI;Super Micro Computer;EOF19353849856;0.0037752;623.49;USD;0.04440293;;CZK;53.09;CZK;;;0.08;CZK;;;;;
Market buy;22.08.2024;US47215P1066;JD;JD.com;EOF19353849876;0.394363;26.86;USD;0.04440406;;CZK;238.91;CZK;;;0.36;CZK;;;;;
Market buy;22.08.2024;US0420682058;ARM;ARM;EOF19353849954;0.0971521;133.26;USD;0.0444042;;CZK;292;CZK;;;0.44;CZK;;;;;
Market buy;22.08.2024;US5398301094;LMT;Lockheed Martin;EOF19400401028;0.0148389;555.24;USD;0.04440633;;CZK;185.82;CZK;;;0.28;CZK;;;;;
Market buy;22.08.2024;US57636Q1040;MA;Mastercard;EOF19400401103;0.0251018;468.91;USD;0.04440687;;CZK;265.46;CZK;;;0.4;CZK;;;;;
Market sell;30.08.2024;GB00B63H8491;RR;Rolls-Royce;EOF19702185795;0.7170648;500;GBX;3.35453218;22.88;CZK;106.72;CZK;;;0.16;CZK;;;;;
Market sell;30.08.2024;GB0002634946;BA;BAE Systems;EOF19702185831;0.08826234;1374.5;GBX;3.35499409;3.09;CZK;36.11;CZK;;;0.05;CZK;;;;;
Market sell;30.08.2024;FR0000120644;BN;Danone;EOF19702185838;0.112616;62.4;EUR;0.03991161;8.86;CZK;175.81;CZK;;;0.26;CZK;;;;;
Market sell;30.08.2024;FR0000121329;HO;Thales;EOF19702185880;0.0142002;152.8;EUR;0.03990052;1.38;CZK;54.3;CZK;;;0.08;CZK;;;;;
Market sell;30.08.2024;US47215P1066;JD;JD.com;EOF19703780394;0.256771;27.26;USD;0.04416415;-10.54;CZK;158.25;CZK;;;0.24;CZK;;;;;
Market sell;30.08.2024;US5398301094;LMT;Lockheed Martin;EOF19703786284;0.0077595;563;USD;0.04416294;15.45;CZK;98.77;CZK;;;0.15;CZK;;;;;
Market sell;30.08.2024;US57636Q1040;MA;Mastercard;EOF19703787713;0.0063051;480.8;USD;0.04416509;2.3;CZK;68.54;CZK;;;0.1;CZK;;;;;
Market sell;30.08.2024;US64110L1061;NFLX;Netflix;EOF19703788193;0.0015792;700.15;USD;0.04417406;3.54;CZK;24.99;CZK;;;0.04;CZK;;;;;
Market sell;30.08.2024;US0420682058;ARM;ARM;EOF19703793323;0.0083099;133.07;USD;0.04416127;5.86;CZK;25;CZK;;;0.04;CZK;;;;;
Market buy;30.08.2024;US67066G1040;NVDA;Nvidia;EOF19751301095;0.0311421;119.07;USD;0.04421235;;CZK;84;CZK;;;0.13;CZK;;;;;
Market buy;30.08.2024;US7475251036;QCOM;Qualcomm;EOF19751301103;0.0263855;171.67;USD;0.04421277;;CZK;102.6;CZK;;;0.15;CZK;;;;;
Market buy;30.08.2024;US5949181045;MSFT;Microsoft;EOF19751301106;0.0027745;417;USD;0.04420964;;CZK;26.21;CZK;;;0.04;CZK;;;;;
Market buy;30.08.2024;US86800U3023;SMCI;Super Micro Computer;EOF19751301116;0.0060334;451.73;USD;0.04420872;;CZK;61.74;CZK;;;0.09;CZK;;;;;
Market buy;30.08.2024;US9311421039;WMT;Walmart;EOF19751301119;0.09944;76.37;USD;0.04421163;;CZK;172.03;CZK;;;0.26;CZK;;;;;
Market buy;30.08.2024;US7731211089;RKLB;Rocket Lab Corporation;EOF19751301123;1.21496;6.32;USD;0.04421343;;CZK;173.93;CZK;;;0.26;CZK;;;;;
Market sell;05.09.2024;CH0038863350;NESN;Nestle;EOF20003766759;0.01657;89.24;CHF;1;-0.14;CHF;1.48;CHF;;;;;;;;;
Market buy;19.09.2024;FR0000121329;HO;Thales;EOF20702466003;0.0298738;146.65;EUR;0.03989611;;CZK;110.3;CZK;;;0.16;CZK;0.33;CZK;;;
Market buy;19.09.2024;NL0000235190;AIR;Airbus;EOF20702466029;0.0253336;130.08;EUR;0.03989581;;CZK;82.72;CZK;;;0.12;CZK;;;;;
Market buy;19.09.2024;GB0002634946;BA;BAE Systems;EOF20702466132;0.32349218;1279;GBX;3.35615264;;CZK;124.08;CZK;0.62;CZK;0.18;CZK;;;;;
Market buy;19.09.2024;GB00B63H8491;RR;Rolls-Royce;EOF20702467433;0.9194498;500;GBX;3.35639118;;CZK;137.86;CZK;0.68;CZK;0.21;CZK;;;;;
Market buy;19.09.2024;US05606L1008;BYDDY;BYD;EOF20750352106;0.019639;62.35;USD;0.04447844;;CZK;27.57;CZK;;;0.04;CZK;;;;1;0.019639
Market buy;19.09.2024;US67066G1040;NVDA;Nvidia;EOF20750387241;0.0103791;117.62;USD;0.04434397;;CZK;27.57;CZK;;;0.04;CZK;;;;;
Market buy;19.09.2024;US7731211089;RKLB;Rocket Lab Corporation;EOF20750387246;0.16885;7.23;USD;0.04434382;;CZK;27.57;CZK;;;0.04;CZK;;;;;
Market buy;19.09.2024;US64110L1061;NFLX;Netflix;EOF20750387273;0.0043777;697.23;USD;0.04434496;;CZK;68.93;CZK;;;0.1;CZK;;;;;
Market buy;19.09.2024;US9311421039;WMT;Walmart;EOF20750387391;0.031204;78.26;USD;0.04435207;;CZK;55.14;CZK;;;0.08;CZK;;;;;
Market buy;19.09.2024;US47215P1066;JD;JD.com;EOF20750387410;0.151606;28.19;USD;0.04435214;;CZK;96.5;CZK;;;0.14;CZK;;;;;
Market buy;19.09.2024;US5949181045;MSFT;Microsoft;EOF20750387443;0.0069429;439.64;USD;0.04435304;;CZK;68.92;CZK;;;0.1;CZK;;;;;
Market buy;19.09.2024;US86800U3023;SMCI;Super Micro Computer;EOF20750387501;0.0027001;452.12;USD;0.04434323;;CZK;27.57;CZK;;;0.04;CZK;;;;;
Market buy;19.09.2024;US5398301094;LMT;Lockheed Martin;EOF20750387530;0.007561;565.24;USD;0.04435221;;CZK;96.5;CZK;;;0.14;CZK;;;;;
Market buy;19.09.2024;US0420682058;ARM;ARM;EOF20750387618;0.0458781;146.39;USD;0.04435115;;CZK;151.66;CZK;;;0.23;CZK;;;;;
Market buy;19.09.2024;US7475251036;QCOM;Qualcomm;EOF20750388070;0.03513;173.8;USD;0.0443527;;CZK;137.87;CZK;;;0.21;CZK;;;;;
Market buy;19.09.2024;US57636Q1040;MA;Mastercard;EOF20750388162;0.0122014;500.4;USD;0.04435261;;CZK;137.87;CZK;;;0.21;CZK;;;;;
Market sell;08.10.2024;US05606L1008;BYDDY;BYD;EOF21605997348;0.027705;76.08;USD;0.04339708;14.75;CZK;48.5;CZK;;;0.07;CZK;;;;-1;-0.027705
Market sell;08.10.2024;US7731211089;RKLB;Rocket Lab Corporation;EOF21650606079;0.4106;9.56;USD;0.0433595;27.64;CZK;90.39;CZK;;;0.14;CZK;;;;;
Market sell;08.10.2024;US67066G1040;NVDA;Nvidia;EOF21650610259;0.0083358;130.22;USD;0.04335015;4.32;CZK;25;CZK;;;0.04;CZK;;;;;
Market sell;08.10.2024;US5398301094;LMT;Lockheed Martin;EOF21650612319;0.0017925;605.57;USD;0.04335;5.33;CZK;25;CZK;;;0.04;CZK;;;;;
Market sell;08.10.2024;US47215P1066;JD;JD.com;EOF21650619168;0.464658;43;USD;0.04335342;156.4;CZK;460.18;CZK;;;0.69;CZK;;;;;
Market buy;08.10.2024;US57636Q1040;MA;Mastercard;EOF21650625344;0.0046238;495;USD;0.04337276;;CZK;52.85;CZK;;;0.08;CZK;;;;;
Market buy;08.10.2024;US64110L1061;NFLX;Netflix;EOF21650625349;0.0021317;709;USD;0.04336801;;CZK;34.9;CZK;;;0.05;CZK;;;;;
Market buy;08.10.2024;NL0000235190;AIR;Airbus;EOF21650625356;0.0315568;126.6;EUR;0.0395006;;CZK;101.29;CZK;;;0.15;CZK;;;;;
Market buy;08.10.2024;US7475251036;QCOM;Qualcomm;EOF21650625359;0.0248526;165.93;USD;0.04337181;;CZK;95.22;CZK;;;0.14;CZK;;;;;
Market buy;08.10.2024;US5949181045;MSFT;Microsoft;EOF21650625365;0.0048079;409.76;USD;0.04337483;;CZK;45.49;CZK;;;0.07;CZK;;;;;
Market buy;08.10.2024;GB0002634946;BA;BAE Systems;EOF21650625373;0.27758276;1299.5;GBX;3.30965039;;CZK;109.69;CZK;0.54;CZK;0.16;CZK;;;;;
Market buy;08.10.2024;FR0000121329;HO;Thales;EOF21650625376;0.023341;150.25;EUR;0.03950197;;CZK;89.18;CZK;;;0.13;CZK;0.27;CZK;;;
Market buy;08.10.2024;US0420682058;ARM;ARM;EOF21650625418;0.0119998;141.51;USD;0.04337398;;CZK;39.21;CZK;;;0.06;CZK;;;;;
Market buy;23.10.2024;US86800U3023;SMCI;Super Micro Computer;EOF22402582913;0.222566;44.93;USD;1;;USD;10;USD;;;;;;;;;
Market buy;06.11.2024;US5324571083;LLY;Eli Lilly & Co;EOF23104810863;0.002127;818;USD;1;;USD;1.74;USD;;;;;;;;;
Limit sell;13.11.2024;US7731211089;RKLB;Rocket Lab Corporation;EOF23454410432;2;21.97;USD;1;30.42;USD;43.94;USD;;;;;;;;;
Limit buy;15.11.2024;US7731211089;RKLB;Rocket Lab Corporation;EOF23551114048;2;16.98;USD;1;;USD;33.96;USD;;;;;;;;;
Market buy;21.11.2024;GB00B63H8491;RR;Rolls-Royce;EOF23806277037;0.84032;520.8;GBX;3.28952687;;CZK;133.9;CZK;0.66;CZK;0.2;CZK;;;;;
Market buy;21.11.2024;GB0002634946;BA;BAE Systems;EOF23806277040;0.30229739;1303;GBX;3.28957323;;CZK;120.52;CZK;0.6;CZK;0.18;CZK;;;;;
Market buy;21.11.2024;FR0000121329;HO;Thales;EOF23806277051;0.0277299;151.8;EUR;0.03946928;;CZK;107.13;CZK;;;0.16;CZK;0.32;CZK;;;
Market buy;21.11.2024;NL0000235190;AIR;Airbus;EOF23806277054;0.0230936;137.12;EUR;0.03946895;;CZK;80.35;CZK;;;0.12;CZK;;;;;
Market buy;21.11.2024;US05606L1008;BYDDY;BYD;EOF23850712690;0.016393;67.72;USD;0.04151585;;CZK;26.78;CZK;;;0.04;CZK;;;;1;0.016393
Market buy;21.11.2024;US7475251036;QCOM;Qualcomm;EOF23850730430;0.0357881;155.3;USD;0.04156676;;CZK;133.91;CZK;;;0.2;CZK;;;;;
Market buy;21.11.2024;US7731211089;RKLB;Rocket Lab Corporation;EOF23850730433;0.136411;20.37;USD;0.04156607;;CZK;66.95;CZK;;;0.1;CZK;;;;;
Market buy;21.11.2024;US67066G1040;NVDA;Nvidia;EOF23850736958;0.0074387;149.42;USD;0.04156658;;CZK;26.78;CZK;;;0.04;CZK;;;;;
Market buy;21.11.2024;US64110L1061;NFLX;Netflix;EOF23850738778;0.0031438;883.85;USD;0.0415654;;CZK;66.95;CZK;;;0.1;CZK;;;;;
Market buy;21.11.2024;US5398301094;LMT;Lockheed Martin;EOF23850738757;0.0072667;535.4;USD;0.04156614;;CZK;93.74;CZK;;;0.14;CZK;;;;;
Market buy;21.11.2024;US0420682058;ARM;ARM;EOF23850738805;0.0446882;136.81;USD;0.0415678;;CZK;147.3;CZK;;;0.22;CZK;;;;;
Market buy;21.11.2024;US47215P1066;JD;JD.com;EOF23850738798;0.063189;35.18;USD;0.04156673;;CZK;53.56;CZK;;;0.08;CZK;;;;;
Market buy;21.11.2024;US57636Q1040;MA;Mastercard;EOF23850738789;0.0107962;514.8;USD;0.0415667;;CZK;133.91;CZK;;;0.2;CZK;;;;;
Market buy;21.11.2024;US5949181045;MSFT;Microsoft;EOF23850743675;0.0066195;419.79;USD;0.04156768;;CZK;66.95;CZK;;;0.1;CZK;;;;;
Market buy;21.11.2024;US9311421039;WMT;Walmart;EOF23850747932;0.025522;87.1;USD;0.0415663;;CZK;53.56;CZK;;;0.08;CZK;;;;;
Market buy;21.11.2024;US5324571083;LLY;Eli Lilly & Co;EOF23852701937;0.001487;747.31;USD;0.04155759;;CZK;26.78;CZK;;;0.04;CZK;;;;;
Market sell;10.12.2024;US5949181045;MSFT;Microsoft;EOF24803440438;0.0049029;445.81;USD;0.04188085;5.54;CZK;52.11;CZK;;;0.08;CZK;;;;;
Market sell;10.12.2024;US86800U3023;SMCI;Super Micro Computer;EOF24803440441;0.196892;40.53;USD;0.04190313;-60.34;CZK;190.15;CZK;;;0.29;CZK;;;;;
Market sell;10.12.2024;US47215P1066;JD;JD.com;EOF24803440447;0.188925;39.66;USD;0.04188242;51.96;CZK;178.63;CZK;;;0.27;CZK;;;;;
Market sell;10.12.2024;US64110L1061;NFLX;Netflix;EOF24803440451;0.0079606;918.2;USD;0.04188301;58.57;CZK;174.26;CZK;;;0.26;CZK;;;;;
Market sell;10.12.2024;US9311421039;WMT;Walmart;EOF24803440458;0.032854;94.81;USD;0.04188365;19.17;CZK;74.26;CZK;;;0.11;CZK;;;;;
Market sell;10.12.2024;US57636Q1040;MA;Mastercard;EOF24803440462;0.0066304;527.85;USD;0.04188435;11.88;CZK;83.43;CZK;;;0.13;CZK;;;;;
Market sell;11.12.2024;NL0000235190;AIR;Airbus;EOF24806460464;0.0325948;156.08;EUR;0.03981994;10.42;CZK;127.57;CZK;;;0.19;CZK;;;;;
Market sell;11.12.2024;GB00B63H8491;RR;Rolls-Royce;EOF24806463478;0.2083137;563.8;GBX;3.28064983;9.85;CZK;35.75;CZK;;;0.05;CZK;;;;;
Market buy;11.12.2024;FR0000121329;HO;Thales;EOF24806464146;0.0319468;137.3;EUR;0.03983196;;CZK;110.62;CZK;;;0.17;CZK;0.33;CZK;;;
Market buy;11.12.2024;GB0002634946;BA;BAE Systems;EOF24806464587;0.37244819;1180.5;GBX;3.2828723;;CZK;134.8;CZK;0.67;CZK;0.2;CZK;;;;;
Market buy;11.12.2024;US05606L1008;BYDDY;BYD;EOF24850156566;0.023186;73;USD;0.04182302;;CZK;40.53;CZK;;;0.06;CZK;;;;1;0.023186
Market buy;11.12.2024;US7475251036;QCOM;Qualcomm;EOF24850172442;0.0175133;157.6;USD;0.04187038;;CZK;66.02;CZK;;;0.1;CZK;;;;;
Market buy;11.12.2024;US7731211089;RKLB;Rocket Lab Corporation;EOF24850173959;0.049061;23.11;USD;0.04186852;;CZK;27.12;CZK;;;0.04;CZK;;;;;
Market buy;11.12.2024;US0420682058;ARM;ARM;EOF24850178547;0.0101457;137.95;USD;0.04186656;;CZK;33.48;CZK;;;0.05;CZK;;;;;
Market buy;11.12.2024;US5398301094;LMT;Lockheed Martin;EOF24850178553;0.0122223;514;USD;0.04187058;;CZK;150.27;CZK;;;0.23;CZK;;;;;
Market buy;11.12.2024;US5324571083;LLY;Eli Lilly & Co;EOF24850188105;0.0118894;795;USD;0.04187335;;CZK;226.07;CZK;;;0.34;CZK;;;;;
Market buy;19.12.2024;NL0000235190;AIR;Airbus;EOF25250513095;0.0209735;158.08;EUR;0.03975885;;CZK;83.52;CZK;;;0.13;CZK;;;;;
Market buy;19.12.2024;FR0000121329;HO;Thales;EOF25250513101;0.0320305;137.6;EUR;0.03975642;;CZK;111.36;CZK;;;0.17;CZK;0.33;CZK;;;
Market buy;19.12.2024;GB00B63H8491;RR;Rolls-Royce;EOF25250513119;0.7100842;574.6;GBX;3.27801382;;CZK;125.28;CZK;0.62;CZK;0.19;CZK;;;;;
Market buy;19.12.2024;GB0002634946;BA;BAE Systems;EOF25250513166;0.31172342;1163.5;GBX;3.27811098;;CZK;111.36;CZK;0.55;CZK;0.17;CZK;;;;;
Market buy;19.12.2024;US05606L1008;BYDDY;BYD;EOF25251686024;0.016457;69.9;USD;0.04137929;;CZK;27.84;CZK;;;0.04;CZK;;;;1;0.016457
Market buy;19.12.2024;US0079031078;AMD;Advanced Micro Devices;EOF25253696037;0.018775;122.54;USD;0.04138673;;CZK;55.67;CZK;;;0.08;CZK;;;;;
Market buy;19.12.2024;US5398301094;LMT;Lockheed Martin;EOF25253696043;0.0083617;481.5;USD;0.04138306;;CZK;97.44;CZK;;;0.15;CZK;;;;;
Market buy;19.12.2024;US67066G1040;NVDA;Nvidia;EOF25253696051;0.0087775;131.05;USD;0.04137738;;CZK;27.84;CZK;;;0.04;CZK;;;;;
Market buy;19.12.2024;US5324571083;LLY;Eli Lilly & Co;EOF25253696114;0.0014898;772.09;USD;0.04137624;;CZK;27.84;CZK;;;0.04;CZK;;;;;
Market buy;19.12.2024;US7731211089;RKLB;Rocket Lab Corporation;EOF25253696147;0.119526;24.06;USD;0.04137835;;CZK;69.6;CZK;;;0.1;CZK;;;;;
Market buy;19.12.2024;US47215P1066;JD;JD.com;EOF25253696180;0.063168;36.42;USD;0.04138475;;CZK;55.67;CZK;;;0.08;CZK;;;;;
Market buy;19.12.2024;US5949181045;MSFT;Microsoft;EOF25253696220;0.0064964;442.67;USD;0.04138381;;CZK;69.59;CZK;;;0.1;CZK;;;;;
Market buy;19.12.2024;US9311421039;WMT;Walmart;EOF25253696288;0.024382;94.36;USD;0.04137923;;CZK;55.68;CZK;;;0.08;CZK;;;;;
Market buy;19.12.2024;US7475251036;QCOM;Qualcomm;EOF25253696300;0.0337561;153.35;USD;0.04138218;;CZK;125.28;CZK;;;0.19;CZK;;;;;
Market buy;19.12.2024;US64110L1061;NFLX;Netflix;EOF25253696497;0.0031713;906.8;USD;0.04138343;;CZK;69.59;CZK;;;0.1;CZK;;;;;
Market buy;19.12.2024;US0420682058;ARM;ARM;EOF25253696529;0.0413523;139.09;USD;0.04138205;;CZK;139.2;CZK;;;0.21;CZK;;;;;
Market buy;19.12.2024;US57636Q1040;MA;Mastercard;EOF25253696599;0.0107858;528.36;USD;0.0413825;;CZK;137.92;CZK;;;0.21;CZK;;;;;
Market buy;19.12.2024;US57636Q1040;MA;Mastercard;EOF25253696672;0.0001003;528.36;USD;0.04140195;;CZK;1.28;CZK;;;;;;;;;
Market sell;13.01.2025;FR0000121329;HO;Thales;EOF26400928928;0.0923998;144.55;EUR;0.03980921;-5.48;CZK;335.01;CZK;;;0.5;CZK;;;;;
Market sell;13.01.2025;NL0000235190;AIR;Airbus;EOF26400928997;0.0063451;157.08;EUR;0.03980384;1.98;CZK;25;CZK;;;0.04;CZK;;;;;
Market sell;13.01.2025;GB0002634946;BA;BAE Systems;EOF26400932217;1.12301725;1188;GBX;3.34900844;-22.93;CZK;397.77;CZK;;;0.6;CZK;;;;;
Market sell;13.01.2025;GB00B63H8491;RR;Rolls-Royce;EOF26400935656;0.7678359;575.6;GBX;3.3492448;33.28;CZK;131.76;CZK;;;0.2;CZK;;;;;
Market sell;13.01.2025;US7475251036;QCOM;Qualcomm;EOF26502186195;0.0773592;154.01;USD;0.04051584;0.19;CZK;293.62;CZK;;;0.44;CZK;;;;;
Market sell;13.01.2025;US0420682058;ARM;ARM;EOF26502198945;0.1353491;136.6;USD;0.04051515;112.68;CZK;455.66;CZK;;;0.68;CZK;;;;;
Market sell;13.01.2025;US9311421039;WMT;Walmart;EOF26504073277;0.011011;92.11;USD;0.0405203;5.88;CZK;24.99;CZK;;;0.04;CZK;;;;;
Market sell;13.01.2025;US7731211089;RKLB;Rocket Lab Corporation;EOF26504056008;0.167577;25.51;USD;0.04051643;47.9;CZK;105.35;CZK;;;0.16;CZK;;;;;
Market sell;13.01.2025;US57636Q1040;MA;Mastercard;EOF26504056005;0.0204409;501;USD;0.04051466;28.15;CZK;252.39;CZK;;;0.38;CZK;;;;;
Market sell;13.01.2025;US5398301094;LMT;Lockheed Martin;EOF26504056011;0.0200145;468.05;USD;0.0405181;3.29;CZK;230.85;CZK;;;0.35;CZK;;;;;
Market sell;13.01.2025;US5324571083;LLY;Eli Lilly & Co;EOF26504080430;0.0012796;792.51;USD;0.04051521;0.82;CZK;24.99;CZK;;;0.04;CZK;;;;;
Market buy;13.01.2025;US0079031078;AMD;Advanced Micro Devices;EOF26504085389;0.1786498;115.69;USD;0.04054615;;CZK;510.5;CZK;;;0.76;CZK;;;;;
Market buy;13.01.2025;IE00B3XXRP09;VUSA;Vanguard S&P 500 (Dist);EOF26504085394;0.156058;90.295;GBP;0.03340031;;CZK;422.52;CZK;;;0.63;CZK;;;;;
Market buy;13.01.2025;US02079K3059;GOOGL;Alphabet (Class A);EOF26504085398;0.1508369;189.01;USD;0.04054623;;CZK;704.19;CZK;;;1.05;CZK;;;;;
Market buy;13.01.2025;US5949181045;MSFT;Microsoft;EOF26504085404;0.0024749;416.77;USD;0.04054497;;CZK;25.48;CZK;;;0.04;CZK;;;;;
Market buy;13.01.2025;US64110L1061;NFLX;Netflix;EOF26504085413;0.002165;840;USD;0.04054849;;CZK;44.92;CZK;;;0.07;CZK;;;;;
Market buy;13.01.2025;US47215P1066;JD;JD.com;EOF26504085410;0.0942;33.26;USD;0.04054732;;CZK;77.39;CZK;;;0.12;CZK;;;;;
Market buy;13.01.2025;IE00B3WJKG14;QDVE;iShares S&P 500 Information Technology Sector (Acc);EOF26504085429;0.524177;31.955;EUR;0.03970341;;CZK;422.51;CZK;;;0.63;CZK;;;;;
Limit sell;10.02.2025;US05606L1008;BYDDY;BYD;EOF27952039841;0.102878;84.82;USD;1;2.9;USD;8.73;USD;;;;;;;;-1;-0.102878
Market buy;20.02.2025;GB00B63H8491;RR;Rolls-Royce;EOF28406731369;0.6159767;637.8;GBX;3.29782539;;CZK;119.91;CZK;0.6;CZK;0.18;CZK;;;;;
Market buy;20.02.2025;GB0002634946;BA;BAE Systems;EOF28406731366;0.20078627;1304.5;GBX;3.29798148;;CZK;79.94;CZK;0.4;CZK;0.12;CZK;;;;;
Market buy;20.02.2025;NL0000235190;AIR;Airbus;EOF28406731373;0.0190863;166.48;EUR;0.03980815;;CZK;79.94;CZK;;;0.12;CZK;;;;;
Market buy;20.02.2025;FR0000121329;HO;Thales;EOF28406731376;0.017269;183.45;EUR;0.03980897;;CZK;79.94;CZK;;;0.12;CZK;0.24;CZK;;;
Market buy;20.02.2025;IE00B3XXRP09;VUSA;Vanguard S&P 500 (Dist);EOF28406731644;0.019015;92.27;GBP;0.03297338;;CZK;53.29;CZK;;;0.08;CZK;;;;;
Market buy;20.02.2025;IE00B3WJKG14;QDVE;iShares S&P 500 Information Technology Sector (Acc);EOF28406731839;0.064081;33.055;EUR;0.03980825;;CZK;53.29;CZK;;;0.08;CZK;;;;;
Market buy;20.02.2025;US05606L1008;BYDDY;BYD;EOF28450632804;0.011316;97.9;USD;0.04164798;;CZK;26.64;CZK;;;0.04;CZK;;;;1;0.011316
Market buy;20.02.2025;US5949181045;MSFT;Microsoft;EOF28452231367;0.0066912;414.54;USD;0.04169828;;CZK;66.62;CZK;;;0.1;CZK;;;;;
Market buy;20.02.2025;US9311421039;WMT;Walmart;EOF28452231382;0.022652;97.95;USD;0.04169824;;CZK;53.29;CZK;;;0.08;CZK;;;;;
Market buy;20.02.2025;US47215P1066;JD;JD.com;EOF28452231400;0.051962;42.7;USD;0.0416985;;CZK;53.29;CZK;;;0.08;CZK;;;;;
Market buy;20.02.2025;US0079031078;AMD;Advanced Micro Devices;EOF28452231403;0.0191473;115.88;USD;0.04169872;;CZK;53.29;CZK;;;0.08;CZK;;;;;
Market buy;20.02.2025;US0420682058;ARM;ARM;EOF28452231391;0.0289813;153.14;USD;0.04170061;;CZK;106.59;CZK;;;0.16;CZK;;;;;
Market buy;20.02.2025;US7731211089;RKLB;Rocket Lab Corporation;EOF28452231409;0.10964;25.3;USD;0.04170012;;CZK;66.62;CZK;;;0.1;CZK;;;;;
Market buy;20.02.2025;US7475251036;QCOM;Qualcomm;EOF28452231425;0.0252027;176.1;USD;0.0417006;;CZK;106.59;CZK;;;0.16;CZK;;;;;
Market buy;20.02.2025;US02079K3059;GOOGL;Alphabet (Class A);EOF28452231435;0.0150298;184.56;USD;0.04170023;;CZK;66.62;CZK;;;0.1;CZK;;;;;
Market buy;20.02.2025;US5324571083;LLY;Eli Lilly & Co;EOF28452231952;0.0012712;872.54;USD;0.04169822;;CZK;26.64;CZK;;;0.04;CZK;;;;;
Market buy;20.02.2025;US57636Q1040;MA;Mastercard;EOF28452231999;0.0078144;567.92;USD;0.04169833;;CZK;106.59;CZK;;;0.16;CZK;;;;;
Market buy;20.02.2025;US5398301094;LMT;Lockheed Martin;EOF28452232130;0.0064388;430.79;USD;0.04169829;;CZK;66.62;CZK;;;0.1;CZK;;;;;
Market buy;20.02.2025;US64110L1061;NFLX;Netflix;EOF28452232303;0.00267287;1037.72;USD;0.04169709;;CZK;66.62;CZK;;;0.1;CZK;;;;;
Market buy;20.03.2025;NL0000235190;AIR;Airbus;EOF29805061682;0.0176321;170.28;EUR;0.04002658;;CZK;75.12;CZK;;;0.11;CZK;;;;;
Market buy;20.03.2025;IE00B3WJKG14;QDVE;iShares S&P 500 Information Technology Sector (Acc);EOF29805061688;0.070572;28.365;EUR;0.04002749;;CZK;50.09;CZK;;;0.08;CZK;;;;;
Market buy;20.03.2025;IE00B3XXRP09;VUSA;Vanguard S&P 500 (Dist);EOF29805061709;0.020167;83.2475;GBP;0.03357033;;CZK;50.09;CZK;;;0.08;CZK;;;;;
Market buy;20.03.2025;FR0000121329;HO;Thales;EOF29805061731;0.0121096;247.2;EUR;0.04002531;;CZK;75.12;CZK;;;0.11;CZK;0.22;CZK;;;
Market buy;20.03.2025;GB0002634946;BA;BAE Systems;EOF29805061777;0.15076462;1662;GBX;3.35705785;;CZK;75.12;CZK;0.37;CZK;0.11;CZK;;;;;
Market buy;20.03.2025;GB00B63H8491;RR;Rolls-Royce;EOF29805061840;0.4619873;813.6;GBX;3.35690691;;CZK;112.7;CZK;0.56;CZK;0.17;CZK;;;;;
Market buy;20.03.2025;US05606L1008;BYDDY;BYD;EOF29851110374;0.0099605;108.97;USD;0.04341582;;CZK;25.04;CZK;;;0.04;CZK;;;;1;0.0099605
Market buy;20.03.2025;US0079031078;AMD;Advanced Micro Devices;EOF29851146287;0.0203042;106.49;USD;0.04323523;;CZK;50.09;CZK;;;0.08;CZK;;;;;
Market buy;20.03.2025;US5949181045;MSFT;Microsoft;EOF29851146363;0.0070116;385.46;USD;0.04322922;;CZK;62.61;CZK;;;0.09;CZK;;;;;
Market buy;20.03.2025;US02079K3059;GOOGL;Alphabet (Class A);EOF29851146401;0.0166033;162.78;USD;0.04322912;;CZK;62.61;CZK;;;0.09;CZK;;;;;
Market buy;20.03.2025;US7731211089;RKLB;Rocket Lab Corporation;EOF29851146407;0.147769;18.29;USD;0.04322928;;CZK;62.61;CZK;;;0.09;CZK;;;;;
Market buy;20.03.2025;US9311421039;WMT;Walmart;EOF29851146440;0.025176;85.88;USD;0.04323365;;CZK;50.09;CZK;;;0.08;CZK;;;;;
Market buy;20.03.2025;US64110L1061;NFLX;Netflix;EOF29851146456;0.0028231;957.29;USD;0.04323348;;CZK;62.6;CZK;;;0.09;CZK;;;;;
Market buy;20.03.2025;US5324571083;LLY;Eli Lilly & Co;EOF29851146474;0.0012854;840.86;USD;0.04323365;;CZK;25.04;CZK;;;0.04;CZK;;;;;
Market buy;20.03.2025;US47215P1066;JD;JD.com;EOF29851146484;0.05005;43.2;USD;0.04323455;;CZK;50.09;CZK;;;0.08;CZK;;;;;
Market buy;20.03.2025;US7475251036;QCOM;Qualcomm;EOF29851146501;0.0275457;156.99;USD;0.04323102;;CZK;100.18;CZK;;;0.15;CZK;;;;;
Market buy;20.03.2025;US0420682058;ARM;ARM;EOF29851146585;0.0369796;116.94;USD;0.04323097;;CZK;100.18;CZK;;;0.15;CZK;;;;;
Market buy;20.03.2025;US5398301094;LMT;Lockheed Martin;EOF29851146642;0.0057432;470.55;USD;0.04323248;;CZK;62.6;CZK;;;0.09;CZK;;;;;
Market buy;20.03.2025;US57636Q1040;MA;Mastercard;EOF29851148383;0.0080728;535.67;USD;0.04323059;;CZK;100.18;CZK;;;0.15;CZK;;;;;
Market sell;21.03.2025;FR0000121329;HO;Thales;EOF29854141271;0.0970365;240.6;EUR;0.03998113;210.27;CZK;583.07;CZK;;;0.88;CZK;;;;;
Market sell;21.03.2025;NL0000235190;AIR;Airbus;EOF29854141593;0.0060264;166.1;EUR;0.03997544;2.65;CZK;25;CZK;;;0.04;CZK;;;;;
Market sell;21.03.2025;GB0002634946;BA;BAE Systems;EOF29854142964;0.65925461;1629.5;GBX;3.34982502;68.45;CZK;320.21;CZK;;;0.48;CZK;;;;;
Market sell;21.03.2025;GB00B63H8491;RR;Rolls-Royce;EOF29854144151;1.9997453;791.6;GBX;3.34969397;195.91;CZK;471.87;CZK;;;0.71;CZK;;;;;
Market sell;21.03.2025;US05606L1008;BYDDY;BYD;EOF29855844797;0.056101;100;USD;0.04341846;48.22;CZK;129.02;CZK;;;0.19;CZK;;;;-1;-0.056101
Market sell;21.03.2025;US47215P1066;JD;JD.com;EOF29901409040;0.111926;42;USD;0.04335416;24.54;CZK;108.27;CZK;;;0.16;CZK;;;;;
Market sell;21.03.2025;US64110L1061;NFLX;Netflix;EOF29901409043;0.0011538;940.7;USD;0.04334583;5.98;CZK;25;CZK;;;0.04;CZK;;;;;
Market buy;21.03.2025;US0079031078;AMD;Advanced Micro Devices;EOF29901421697;0.0388999;105.36;USD;0.04336571;;CZK;94.65;CZK;;;0.14;CZK;;;;;
Market buy;21.03.2025;US02079K3059;GOOGL;Alphabet (Class A);EOF29901421700;0.0444627;161.11;USD;0.04336714;;CZK;165.43;CZK;;;0.25;CZK;;;;;
Market buy;21.03.2025;IE00B3XXRP09;VUSA;Vanguard S&P 500 (Dist);EOF29901421712;0.079942;82.2675;GBP;0.0335508;;CZK;196.31;CZK;;;0.29;CZK;;;;;
Market buy;21.03.2025;US0420682058;ARM;ARM;EOF29901421725;0.0987591;117.02;USD;0.04336669;;CZK;266.89;CZK;;;0.4;CZK;;;;;
Market buy;21.03.2025;US7731211089;RKLB;Rocket Lab Corporation;EOF29901421728;0.634704;18.11;USD;0.04336724;;CZK;265.45;CZK;;;0.4;CZK;;;;;
Market buy;21.03.2025;US9311421039;WMT;Walmart;EOF29901421736;0.057763;85.24;USD;0.04336549;;CZK;113.71;CZK;;;0.17;CZK;;;;;
Market buy;21.03.2025;US7475251036;QCOM;Qualcomm;EOF29901421753;0.0266092;155.54;USD;0.04336541;;CZK;95.58;CZK;;;0.14;CZK;;;;;
Market buy;21.03.2025;US5949181045;MSFT;Microsoft;EOF29901421784;0.0129743;383.41;USD;0.04336567;;CZK;114.88;CZK;;;0.17;CZK;;;;;
Market buy;21.03.2025;IE00B3WJKG14;QDVE;iShares S&P 500 Information Technology Sector (Acc);EOF29901421847;0.309163;27.84;EUR;0.04003115;;CZK;215.33;CZK;;;0.32;CZK;;;;;
Market buy;21.03.2025;US57636Q1040;MA;Mastercard;EOF29901422148;0.0025304;539;USD;0.04336679;;CZK;31.5;CZK;;;0.05;CZK;;;;;
Market buy;21.03.2025;US5398301094;LMT;Lockheed Martin;EOF29901425530;0.0056486;479;USD;0.04336024;;CZK;62.49;CZK;;;0.09;CZK;;;;;
Market buy;21.03.2025;US5324571083;LLY;Eli Lilly & Co;EOF29901425638;0.0013413;838.2;USD;0.04335818;;CZK;25.97;CZK;;;0.04;CZK;;;;;
Market buy;27.03.2025;VGG4392T1075;HE1;Helium One Global;EOF30155877216;196.07833;1.02;GBX;100;;GBP;2;GBP;;;;;;;;;
Market buy;22.05.2025;GB0002634946;BA;BAE Systems;EOF32957331217;0.14470405;1826;GBX;3.38755891;;CZK;78.51;CZK;0.39;CZK;0.12;CZK;;;;;
Market buy;22.05.2025;NL0000235190;AIR;Airbus;EOF32957331228;0.0194409;161.88;EUR;0.04014661;;CZK;78.51;CZK;;;0.12;CZK;;;;;
Market buy;22.05.2025;FR0000121329;HO;Thales;EOF32957331265;0.0122877;255.1;EUR;0.0401459;;CZK;78.51;CZK;;;0.12;CZK;0.31;CZK;;;
Market buy;22.05.2025;GB00B63H8491;RR;Rolls-Royce;EOF32957331288;0.4793942;826.6;GBX;3.38718903;;CZK;117.75;CZK;0.58;CZK;0.18;CZK;;;;;
Market buy;22.05.2025;IE00B3XXRP09;VUSA;Vanguard S&P 500 (Dist);EOF32957331299;0.021365;82.85001;GBP;0.03387084;;CZK;52.34;CZK;;;0.08;CZK;;;;;
Market buy;22.05.2025;IE00B3WJKG14;QDVE;iShares S&P 500 Information Technology Sector (Acc);EOF32957331388;0.071963;29.155;EUR;0.04014698;;CZK;52.34;CZK;;;0.08;CZK;;;;;
Market buy;22.05.2025;US05606L1008;BYDDY;BYD;EOF33000641441;0.0100559;117.88;USD;0.04536507;;CZK;26.17;CZK;;;0.04;CZK;;;;1;0.0100559
Market buy;22.05.2025;US5949181045;MSFT;Microsoft;EOF33002194950;0.0051938;456.12;USD;0.04533096;;CZK;52.34;CZK;;;0.08;CZK;;;;;
Market buy;22.05.2025;US02079K3059;GOOGL;Alphabet (Class A);EOF33002194961;0.0138287;171.31;USD;0.04533093;;CZK;52.34;CZK;;;0.08;CZK;;;;;
Market buy;22.05.2025;US7731211089;RKLB;Rocket Lab Corporation;EOF33002195000;0.097973;24.18;USD;0.04533079;;CZK;52.34;CZK;;;0.08;CZK;;;;;
Market buy;22.05.2025;US5128073062;LRCX;Lam Research;EOF33002194989;0.014395;82.28;USD;0.04532799;;CZK;26.17;CZK;;;0.04;CZK;;;;;
Market buy;22.05.2025;US47215P1066;JD;JD.com;EOF33002195027;0.053125;33.44;USD;0.04533044;;CZK;39.25;CZK;;;0.06;CZK;;;;;
Market buy;22.05.2025;US76655K1034;RGTI;Rigetti Computing;EOF33002195030;0.107097;11.06;USD;0.04533076;;CZK;26.17;CZK;;;0.04;CZK;;;;;
Market buy;22.05.2025;US9311421039;WMT;Walmart;EOF33002195070;0.02446;96.85;USD;0.04533009;;CZK;52.34;CZK;;;0.08;CZK;;;;;
Market buy;22.05.2025;US0079031078;AMD;Advanced Micro Devices;EOF33002195100;0.0211934;111.78;USD;0.045331;;CZK;52.34;CZK;;;0.08;CZK;;;;;
Market buy;22.05.2025;US5324571083;LLY;Eli Lilly & Co;EOF33002195115;0.0016587;714.09;USD;0.04532954;;CZK;26.17;CZK;;;0.04;CZK;;;;;
Market buy;22.05.2025;US0420682058;ARM;ARM;EOF33002195131;0.0364609;129.95;USD;0.04533193;;CZK;104.68;CZK;;;0.16;CZK;;;;;
Market buy;22.05.2025;US7475251036;QCOM;Qualcomm;EOF33002195158;0.027692;149.7;USD;0.04533069;;CZK;91.59;CZK;;;0.14;CZK;;;;;
Market buy;22.05.2025;CH0334081137;CRSP;CRISPR Therapeutics;EOF33002195444;0.031736;37.32;USD;0.04532673;;CZK;26.17;CZK;;;0.04;CZK;;;;;
Market buy;22.05.2025;US5398301094;LMT;Lockheed Martin;EOF33002195508;0.0050395;470.04;USD;0.04532657;;CZK;52.34;CZK;;;0.08;CZK;;;;;
Market buy;22.05.2025;US64110L1061;NFLX;Netflix;EOF33002195505;0.00248181;1193;USD;0.0453276;;CZK;65.42;CZK;;;0.1;CZK;;;;;
Market buy;22.05.2025;US57636Q1040;MA;Mastercard;EOF33002195713;0.0083192;569.46;USD;0.04532579;;CZK;104.68;CZK;;;0.16;CZK;;;;;
Market sell;23.05.2025;FR0000121329;HO;Thales;EOF33006083905;0.0041443;259.1;EUR;0.04015662;10.15;CZK;26.7;CZK;;;0.04;CZK;;;;;
Market sell;23.05.2025;GB00B63H8491;RR;Rolls-Royce;EOF33006084437;0.1003906;842.4;GBX;3.37735788;10.51;CZK;25;CZK;;;0.04;CZK;;;;;
Market sell;23.05.2025;GB0002634946;BA;BAE Systems;EOF33006084573;0.14407169;1849.5;GBX;3.37762188;22.44;CZK;78.77;CZK;;;0.12;CZK;;;;;
Market sell;23.05.2025;IE00B3WJKG14;QDVE;iShares S&P 500 Information Technology Sector (Acc);EOF33006095545;0.034616;29.05;EUR;0.04015953;-1.33;CZK;25;CZK;;;0.04;CZK;;;;;
Market sell;23.05.2025;US64110L1061;NFLX;Netflix;EOF33052908515;0.00533039;1183.59;USD;0.04551945;47.69;CZK;138.39;CZK;;;0.21;CZK;;;;;
Market sell;23.05.2025;US5949181045;MSFT;Microsoft;EOF33052911484;0.0255291;449.6;USD;0.04552006;8.7;CZK;251.77;CZK;;;0.38;CZK;;;;;
Market sell;23.05.2025;US0420682058;ARM;ARM;EOF33052917594;0.0090452;126;USD;0.04551498;1.25;CZK;25;CZK;;;0.04;CZK;;;;;
Market sell;23.05.2025;US7731211089;RKLB;Rocket Lab Corporation;EOF33052917597;0.814741;25.33;USD;0.04552097;152.22;CZK;452.68;CZK;;;0.68;CZK;;;;;
Market sell;23.05.2025;US5398301094;LMT;Lockheed Martin;EOF33052925129;0.0117828;467;USD;0.0455209;-11.14;CZK;120.7;CZK;;;0.18;CZK;;;;;
Market sell;23.05.2025;US02079K3059;GOOGL;Alphabet (Class A);EOF33052925200;0.0429774;169.07;USD;0.04552179;-27.74;CZK;159.38;CZK;;;0.24;CZK;;;;;
Market sell;23.05.2025;US9311421039;WMT;Walmart;EOF33052930045;0.012679;95.25;USD;0.04552109;3.01;CZK;26.49;CZK;;;0.04;CZK;;;;;
Market buy;23.05.2025;IE00B3XXRP09;VUSA;Vanguard S&P 500 (Dist);EOF33052937854;0.011152;81.205;GBP;0.03374061;;CZK;26.88;CZK;;;0.04;CZK;;;;;
Market buy;23.05.2025;US76655K1034;RGTI;Rigetti Computing;EOF33052937865;1.216495;12.84;USD;0.04552947;;CZK;343.58;CZK;;;0.51;CZK;;;;;
Market buy;23.05.2025;US5324571083;LLY;Eli Lilly & Co;EOF33052937876;0.0047035;713;USD;0.04552804;;CZK;73.77;CZK;;;0.11;CZK;;;;;
Market buy;23.05.2025;NL0000235190;AIR;Airbus;EOF33052937911;0.0221987;155.86;EUR;0.04021256;;CZK;86.17;CZK;;;0.13;CZK;;;;;
Market buy;23.05.2025;US5128073062;LRCX;Lam Research;EOF33052937977;0.19786;80.35;USD;0.04552967;;CZK;349.7;CZK;;;0.52;CZK;;;;;
Market buy;23.05.2025;CH0334081137;CRSP;CRISPR Therapeutics;EOF33052938229;0.431408;36.85;USD;0.04553167;;CZK;349.67;CZK;;;0.52;CZK;;;;;
Market buy;02.06.2025;US8740391003;TSM;Taiwan Semiconductor Manufacturing;EOF33560397221;0.0412387;193.99;USD;1;;USD;8;USD;;;;;;;;;
Market buy;19.06.2025;GB0002634946;BA;BAE Systems;EOF34356473429;0.1470864;1936.5;GBX;3.44708717;;CZK;83.17;CZK;0.42;CZK;0.12;CZK;;;;;
Market buy;19.06.2025;GB00B63H8491;RR;Rolls-Royce;EOF34356473579;0.47988216;890.4;GBX;3.44725353;;CZK;124.76;CZK;0.62;CZK;0.19;CZK;;;;;
Market buy;19.06.2025;NL0000235190;AIR;Airbus;EOF34356473576;0.0205509;162.8;EUR;0.04029005;;CZK;83.16;CZK;;;0.12;CZK;;;;;
Market buy;19.06.2025;IE00B3WJKG14;QDVE;iShares S&P 500 Information Technology Sector (Acc);EOF34356473689;0.074192;30.065;EUR;0.04028503;;CZK;55.45;CZK;;;0.08;CZK;;;;;
Market buy;19.06.2025;IE00B3XXRP09;VUSA;Vanguard S&P 500 (Dist);EOF34356473764;0.02263737;84.32001;GBP;0.03447323;;CZK;55.45;CZK;;;0.08;CZK;;;;;
Market buy;19.06.2025;FR0000121329;HO;Thales;EOF34356473850;0.01338418;249;EUR;0.04028845;;CZK;83.17;CZK;;;0.12;CZK;0.33;CZK;;;
Market buy;20.06.2025;US05606L1008;BYDDY;BYD;EOF34450642303;0.0132102;97.2;USD;0.04638841;;CZK;27.72;CZK;;;0.04;CZK;;;;1;0.0132102
Market buy;20.06.2025;US76655K1034;RGTI;Rigetti Computing;EOF34453472520;0.11238565;11.43;USD;0.0464078;;CZK;27.72;CZK;;;0.04;CZK;;;;;
Market buy;20.06.2025;US47215P1066;JD;JD.com;EOF34453472517;0.06038395;31.91;USD;0.04640779;;CZK;41.58;CZK;;;0.06;CZK;;;;;
Market buy;20.06.2025;US57636Q1040;MA;Mastercard;EOF34453472577;0.00960619;534.94;USD;0.04640779;;CZK;110.9;CZK;;;0.17;CZK;;;;;
Market buy;20.06.2025;US9311421039;WMT;Walmart;EOF34453472646;0.02674716;96.07;USD;0.04640779;;CZK;55.45;CZK;;;0.08;CZK;;;;;
Market buy;20.06.2025;US5128073062;LRCX;Lam Research;EOF34453472699;0.01388722;92.5;USD;0.04640779;;CZK;27.72;CZK;;;0.04;CZK;;;;;
Market buy;20.06.2025;US0079031078;AMD;Advanced Micro Devices;EOF34453472687;0.01969042;130.5;USD;0.04640779;;CZK;55.45;CZK;;;0.08;CZK;;;;;
Market buy;20.06.2025;US64110L1061;NFLX;Netflix;EOF34453472684;0.00259248;1238.92;USD;0.04640767;;CZK;69.31;CZK;;;0.1;CZK;;;;;
Market buy;20.06.2025;US02079K3059;GOOGL;Alphabet (Class A);EOF34453472640;0.01480184;173.6;USD;0.04640779;;CZK;55.45;CZK;;;0.08;CZK;;;;;
Market buy;20.06.2025;US5949181045;MSFT;Microsoft;EOF34453472819;0.00531966;483.04;USD;0.04640795;;CZK;55.45;CZK;;;0.08;CZK;;;;;
Market buy;20.06.2025;US5324571083;LLY;Eli Lilly & Co;EOF34453472928;0.00166438;771.8;USD;0.04640782;;CZK;27.72;CZK;;;0.04;CZK;;;;;
Market buy;20.06.2025;US0420682058;ARM;ARM;EOF34453472898;0.03524043;145.82;USD;0.04640801;;CZK;110.9;CZK;;;0.17;CZK;;;;;
Market buy;20.06.2025;US7731211089;RKLB;Rocket Lab Corporation;EOF34453472975;0.09131528;28.14;USD;0.04640801;;CZK;55.45;CZK;;;0.08;CZK;;;;;
Market buy;20.06.2025;US7475251036;QCOM;Qualcomm;EOF34453473357;0.02905636;154.75;USD;0.046408;;CZK;97.04;CZK;;;0.15;CZK;;;;;
Market buy;20.06.2025;US5398301094;LMT;Lockheed Martin;EOF34453474298;0.00551738;465.73;USD;0.04640797;;CZK;55.45;CZK;;;0.08;CZK;;;;;
Market buy;20.06.2025;CH0334081137;CRSP;CRISPR Therapeutics;EOF34453482941;0.02860701;44.9;USD;0.04640371;;CZK;27.72;CZK;;;0.04;CZK;;;;;
Market sell;28.07.2025;US0079031078;AMD;Advanced Micro Devices;EOF36363853377;0.07856745;172.61;USD;0.04716068;71.53;CZK;287.13;CZK;;;0.43;CZK;;;;;
Market sell;28.07.2025;US5324571083;LLY;Eli Lilly & Co;EOF36363853381;0.00144961;814.64;USD;0.04716095;-1.3;CZK;25;CZK;;;0.04;CZK;;;;;
Market sell;28.07.2025;US7731211089;RKLB;Rocket Lab Corporation;EOF36363853385;0.45625705;44.66;USD;0.04716113;260.5;CZK;431.41;CZK;;;0.65;CZK;;;;;
Market sell;28.07.2025;US5128073062;LRCX;Lam Research;EOF36363853391;0.01709742;98.28;USD;0.04716066;5.16;CZK;35.58;CZK;;;0.05;CZK;;;;;
Market sell;28.07.2025;US5949181045;MSFT;Microsoft;EOF36363853398;0.00230861;511.52;USD;0.04716055;2.9;CZK;25;CZK;;;0.04;CZK;;;;;
Market sell;28.07.2025;US76655K1034;RGTI;Rigetti Computing;EOF36363853424;0.1002969;15.39;USD;0.04716068;5.01;CZK;32.68;CZK;;;0.05;CZK;;;;;
Market sell;28.07.2025;CH0334081137;CRSP;CRISPR Therapeutics;EOF36363853434;0.17332942;64.52;USD;0.04716068;95.1;CZK;236.77;CZK;;;0.36;CZK;;;;;
Market sell;28.07.2025;US0420682058;ARM;ARM;EOF36363853560;0.05611683;163.29;USD;0.04715823;45.4;CZK;194.02;CZK;;;0.29;CZK;;;;;
Market sell;29.07.2025;NL0000235190;AIR;Airbus;EOF36364818233;0.00571683;178;EUR;0.0406388;3.51;CZK;25;CZK;;;0.04;CZK;;;;;
Market sell;29.07.2025;GB00B63H8491;RR;Rolls-Royce;EOF36364830817;0.21769607;981.8;GBX;3.5188344;27.79;CZK;60.65;CZK;;;0.09;CZK;;;;;
Market buy;29.07.2025;FR0000121329;HO;Thales;EOF36364831380;0.04288126;231.6;EUR;0.0406504;;CZK;245.66;CZK;;;0.37;CZK;0.98;CZK;;;
Market buy;29.07.2025;IE00B3XXRP09;VUSA;Vanguard S&P 500 (Dist);EOF36364831404;0.00984326;90.985;GBP;0.03521781;;CZK;25.47;CZK;;;0.04;CZK;;;;;
Market buy;29.07.2025;GB0002634946;BA;BAE Systems;EOF36364831612;0.33461003;1809.5;GBX;3.52164746;;CZK;173.06;CZK;0.87;CZK;0.26;CZK;;;;;
Market buy;29.07.2025;US05606L1008;BYDDY;BYD;EOF36402425440;0.05422667;98.8;USD;0.04689771;;CZK;114.41;CZK;;;0.17;CZK;;;;1;0.05422667
Market buy;29.07.2025;US47215P1066;JD;JD.com;EOF36403550284;0.1281496;33.24;USD;0.04682524;;CZK;91.11;CZK;;;0.14;CZK;;;;;
Market buy;29.07.2025;US64110L1061;NFLX;Netflix;EOF36403554644;0.00515984;1179.1;USD;0.04682496;;CZK;130.13;CZK;;;0.2;CZK;;;;;
Market buy;29.07.2025;US9311421039;WMT;Walmart;EOF36403560112;0.03896952;98;USD;0.04682458;;CZK;81.68;CZK;;;0.12;CZK;;;;;
Market buy;29.07.2025;US5398301094;LMT;Lockheed Martin;EOF36403560367;0.01954811;422.51;USD;0.04682392;;CZK;176.65;CZK;;;0.26;CZK;;;;;
Market buy;29.07.2025;US57636Q1040;MA;Mastercard;EOF36403564820;0.01695859;571.65;USD;0.04682369;;CZK;207.35;CZK;;;0.31;CZK;;;;;
Market buy;29.07.2025;US7475251036;QCOM;Qualcomm;EOF36403593309;0.01513456;162.26;USD;0.04682939;;CZK;52.52;CZK;;;0.08;CZK;;;;;
Stock split close;30.07.2025;US05606L1008;BYDDY;BYD;EOF36409785994;0.21025127;76.33723211;USD;0.04461803;0;CZK;359.72;CZK;;;;;;;;;
Stock split open;30.07.2025;US05606L1008;BYDDY;BYD;EOF36409785999;1.26150762;12.72287202;USD;0.04461803;;CZK;359.72;CZK;;;;;;;;;
Market buy;21.08.2025;FR0000121329;HO;Thales;EOF37508308103;0.01388445;231.3;EUR;0.04080133;;CZK;79.15;CZK;;;0.12;CZK;0.32;CZK;;;
Market buy;21.08.2025;NL0000235190;AIR;Airbus;EOF37508308311;0.0179787;179.36;EUR;0.04080298;;CZK;79.15;CZK;;;0.12;CZK;;;;;
Market buy;21.08.2025;GB00B63H8491;RR;Rolls-Royce;EOF37508309343;0.40190255;1036;GBX;3.52976468;;CZK;118.73;CZK;0.59;CZK;0.18;CZK;;;;;
Market buy;21.08.2025;IE00B3XXRP09;VUSA;Vanguard S&P 500 (Dist);EOF37508309599;0.020599;90.28751;GBP;0.03529763;;CZK;52.77;CZK;;;0.08;CZK;;;;;
Market buy;21.08.2025;GB0002634946;BA;BAE Systems;EOF37508310811;0.15896071;1746;GBX;3.52976471;;CZK;79.15;CZK;0.4;CZK;0.12;CZK;;;;;
Market buy;21.08.2025;IE00B3WJKG14;QDVE;iShares S&P 500 Information Technology Sector (Acc);EOF37508319218;0.06571166;32.72;EUR;0.04080632;;CZK;52.77;CZK;;;0.08;CZK;;;;;
Market buy;21.08.2025;US0079031078;AMD;Advanced Micro Devices;EOF37550819739;0.01508597;165.89;USD;0.04749689;;CZK;52.77;CZK;;;0.08;CZK;;;;;
Market buy;21.08.2025;US02079K3059;GOOGL;Alphabet (Class A);EOF37550821257;0.01251556;199.96;USD;0.04749689;;CZK;52.77;CZK;;;0.08;CZK;;;;;
Market buy;21.08.2025;US47215P1066;JD;JD.com;EOF37550825003;0.0605531;30.99;USD;0.04749533;;CZK;39.57;CZK;;;0.06;CZK;;;;;
Market buy;21.08.2025;US0420682058;ARM;ARM;EOF37550824788;0.02224416;131;USD;0.04749771;;CZK;61.44;CZK;;;0.09;CZK;;;;;
Market buy;21.08.2025;US64110L1061;NFLX;Netflix;EOF37550824785;0.00257673;1213.96;USD;0.0474954;;CZK;65.96;CZK;;;0.1;CZK;;;;;
Market buy;21.08.2025;US7475251036;QCOM;Qualcomm;EOF37550822310;0.02825401;154.99;USD;0.04749554;;CZK;92.34;CZK;;;0.14;CZK;;;;;
Market buy;21.08.2025;US7731211089;RKLB;Rocket Lab Corporation;EOF37550829590;0.06136803;40.78;USD;0.04749645;;CZK;52.77;CZK;;;0.08;CZK;;;;;
Market buy;21.08.2025;US76655K1034;RGTI;Rigetti Computing;EOF37550829587;0.08539636;14.65;USD;0.04749645;;CZK;26.38;CZK;;;0.04;CZK;;;;;
Market buy;21.08.2025;US5128073062;LRCX;Lam Research;EOF37550831284;0.01898627;98.84;USD;0.04749691;;CZK;39.57;CZK;;;0.06;CZK;;;;;
Market buy;21.08.2025;US57636Q1040;MA;Mastercard;EOF37550831278;0.00844499;592.68;USD;0.04749645;;CZK;105.54;CZK;;;0.16;CZK;;;;;
Market buy;21.08.2025;US5324571083;LLY;Eli Lilly & Co;EOF37550831267;0.00177345;705.44;USD;0.04749668;;CZK;26.38;CZK;;;0.04;CZK;;;;;
Market buy;21.08.2025;CH0334081137;CRSP;CRISPR Therapeutics;EOF37550831260;0.0354076;53;USD;0.0474969;;CZK;39.57;CZK;;;0.06;CZK;;;;;
Market buy;21.08.2025;US5398301094;LMT;Lockheed Martin;EOF37550829966;0.00561118;446;USD;0.04749641;;CZK;52.77;CZK;;;0.08;CZK;;;;;
Market buy;21.08.2025;US5949181045;MSFT;Microsoft;EOF37550829955;0.00496464;504.07;USD;0.04749527;;CZK;52.77;CZK;;;0.08;CZK;;;;;
Market buy;21.08.2025;US0420682058;ARM;ARM;EOF37550843542;0.01596328;131;USD;0.04749465;;CZK;44.1;CZK;;;0.07;CZK;;;;;
Market buy;21.08.2025;US9311421039;WMT;Walmart;EOF37550847251;0.02522662;99.2;USD;0.04749441;;CZK;52.77;CZK;;;0.08;CZK;;;;;
Limit buy;26.08.2025;US7170811035;PFE;Pfizer;EOF37808171180;1;25.09;USD;1;;USD;25.09;USD;;;;;;;;;
Market sell;12.09.2025;US02079K3059;GOOGL;Alphabet (Class A);EOF38656707154;0.03674713;240.06;USD;0.04818394;24.68;CZK;182.81;CZK;;;0.27;CZK;;;;;
Market sell;12.09.2025;US76655K1034;RGTI;Rigetti Computing;EOF38656707160;0.22487109;18.89;USD;0.04818301;25.58;CZK;88.03;CZK;;;0.13;CZK;;;;;
Market sell;12.09.2025;US9311421039;WMT;Walmart;EOF38656707164;0.01166604;103.42;USD;0.04818298;2.85;CZK;25;CZK;;;0.04;CZK;;;;;
Market sell;12.09.2025;US7731211089;RKLB;Rocket Lab Corporation;EOF38656707168;0.11053806;51.78;USD;0.04818301;76.13;CZK;118.61;CZK;;;0.18;CZK;;;;;
Market sell;12.09.2025;US47215P1066;JD;JD.com;EOF38656707172;0.31698082;33.77;USD;0.04818348;-10.5;CZK;221.83;CZK;;;0.33;CZK;;;;;
Market sell;12.09.2025;US7475251036;QCOM;Qualcomm;EOF38656707176;0.12304066;160.77;USD;0.04818348;-45.39;CZK;409.93;CZK;;;0.61;CZK;;;;;
Market sell;12.09.2025;US0420682058;ARM;ARM;EOF38656707196;0.01648137;150.65;USD;0.04818393;7.71;CZK;51.45;CZK;;;0.08;CZK;;;;;
Market sell;12.09.2025;US5398301094;LMT;Lockheed Martin;EOF38656707200;0.03071358;469.71;USD;0.04818301;-28.25;CZK;298.96;CZK;;;0.45;CZK;;;;;
Market sell;15.09.2025;FR0000121329;HO;Thales;EOF38659747704;0.05229001;251;EUR;0.04113194;85.32;CZK;318.61;CZK;;;0.48;CZK;;;;;
Market sell;15.09.2025;NL0000235190;AIR;Airbus;EOF38701850233;0.01533933;193.46;EUR;0.04113023;13.85;CZK;72.04;CZK;;;0.11;CZK;;;;;
Market sell;15.09.2025;GB0002634946;BA;BAE Systems;EOF38701852065;0.18411357;1981.5;GBX;3.55472122;25.38;CZK;102.48;CZK;;;0.15;CZK;;;;;
Market sell;15.09.2025;GB00B63H8491;RR;Rolls-Royce;EOF38701864384;2.26080901;1143;GBX;3.55472136;369.51;CZK;725.86;CZK;;;1.09;CZK;;;;;
Market sell;15.09.2025;IE00B3WJKG14;QDVE;iShares S&P 500 Information Technology Sector (Acc);EOF38701889532;0.03044469;33.83;EUR;0.04113194;1.8;CZK;25;CZK;;;0.04;CZK;;;;;
Market buy;15.09.2025;US0079031078;AMD;Advanced Micro Devices;EOF38804288951;0.03303294;160.02;USD;0.0483484;;CZK;109.49;CZK;;;0.16;CZK;;;;;
Market buy;15.09.2025;US5128073062;LRCX;Lam Research;EOF38804299974;0.06221261;117.9;USD;0.04834794;;CZK;151.94;CZK;;;0.23;CZK;;;;;
Market buy;15.09.2025;US5324571083;LLY;Eli Lilly & Co;EOF38806807964;0.004346;753.35;USD;0.048347;;CZK;67.82;CZK;;;0.1;CZK;;;;;
Market buy;15.09.2025;US57636Q1040;MA;Mastercard;EOF38806807959;0.0022729;583.9;USD;0.04834777;;CZK;27.49;CZK;;;0.04;CZK;;;;;
Market buy;15.09.2025;CH0334081137;CRSP;CRISPR Therapeutics;EOF38806807974;0.24783647;57.29;USD;0.04834701;;CZK;294.12;CZK;;;0.44;CZK;;;;;
Market buy;15.09.2025;US64110L1061;NFLX;Netflix;EOF38806818364;0.00128301;1190;USD;0.04834648;;CZK;31.63;CZK;;;0.05;CZK;;;;;
Market buy;15.09.2025;US2600031080;DOV;Dover;EOF38806828324;0.13009368;174.08;USD;0.04834701;;CZK;469.12;CZK;;;0.7;CZK;;;;;
Market buy;15.09.2025;US5949181045;MSFT;Microsoft;EOF38806832456;0.0054522;508.99;USD;0.04834695;;CZK;57.49;CZK;;;0.09;CZK;;;;;
Market buy;15.09.2025;US7170811035;PFE;Pfizer;EOF38806839698;0.94479386;23.97;USD;0.04834701;;CZK;469.12;CZK;;;0.7;CZK;;;;;
Market buy;15.09.2025;US7561091049;O;Realty Income;EOF38809305316;0.37400219;60.55;USD;0.04834514;;CZK;469.12;CZK;;;0.7;CZK;;;;;
Market buy;15.09.2025;US00287Y1091;ABBV;AbbVie;EOF38809313959;0.0968872;219.5;USD;0.04834009;;CZK;440.6;CZK;;;0.66;CZK;;;;;
Market buy;15.09.2025;US00287Y1091;ABBV;AbbVie;EOF38809314036;0.00625868;219.97;USD;0.04833995;;CZK;28.52;CZK;;;0.04;CZK;;;;;
Market buy;18.09.2025;FR0000121329;HO;Thales;EOF38910002536;0.01016127;257;EUR;0.04108631;;CZK;63.92;CZK;;;0.1;CZK;0.26;CZK;;;
Market buy;18.09.2025;NL0000235190;AIR;Airbus;EOF38910002996;0.01628779;193.2;EUR;0.04108631;;CZK;76.71;CZK;;;0.12;CZK;;;;;
Market buy;18.09.2025;IE00B3XXRP09;VUSA;Vanguard S&P 500 (Dist);EOF38910006325;0.01970039;92.39;GBP;0.03564667;;CZK;51.14;CZK;;;0.08;CZK;;;;;
Market buy;18.09.2025;GB0002634946;BA;BAE Systems;EOF38910007503;0.13794306;1969.5;GBX;3.56487149;;CZK;76.71;CZK;0.38;CZK;0.12;CZK;;;;;
Market buy;18.09.2025;GB00B63H8491;RR;Rolls-Royce;EOF38910007783;0.27977793;1133;GBX;3.56487173;;CZK;89.5;CZK;0.45;CZK;0.13;CZK;;;;;
Market buy;18.09.2025;IE00B3WJKG14;QDVE;iShares S&P 500 Information Technology Sector (Acc);EOF38910015089;0.06226974;33.69;EUR;0.04108632;;CZK;51.14;CZK;;;0.08;CZK;;;;;
Market buy;18.09.2025;US0079031078;AMD;Advanced Micro Devices;EOF38951445695;0.01639963;150.97;USD;0.04848907;;CZK;51.14;CZK;;;0.08;CZK;;;;;
Market buy;18.09.2025;US64110L1061;NFLX;Netflix;EOF38951445699;0.0025312;1222.58;USD;0.04848941;;CZK;63.92;CZK;;;0.1;CZK;;;;;
Market buy;18.09.2025;US5949181045;MSFT;Microsoft;EOF38951449026;0.00484051;511.49;USD;0.04848947;;CZK;51.14;CZK;;;0.08;CZK;;;;;
Market buy;18.09.2025;US02079K3059;GOOGL;Alphabet (Class A);EOF38951448766;0.009837;251.69;USD;0.04848951;;CZK;51.14;CZK;;;0.08;CZK;;;;;
Market buy;18.09.2025;CH0334081137;CRSP;CRISPR Therapeutics;EOF38951447590;0.03043712;61;USD;0.04848953;;CZK;38.35;CZK;;;0.06;CZK;;;;;
Market buy;18.09.2025;US2600031080;DOV;Dover;EOF38954200118;0.00713122;173.6;USD;0.04849117;;CZK;25.57;CZK;;;0.04;CZK;;;;;
Market buy;18.09.2025;US47215P1066;JD;JD.com;EOF38954200124;0.03565611;34.72;USD;0.04849119;;CZK;25.57;CZK;;;0.04;CZK;;;;;
Market buy;18.09.2025;US7731211089;RKLB;Rocket Lab Corporation;EOF38954202080;0.05063313;48.9;USD;0.04849118;;CZK;51.14;CZK;;;0.08;CZK;;;;;
Market buy;18.09.2025;US0420682058;ARM;ARM;EOF38954203944;0.02940479;147.38;USD;0.04849141;;CZK;89.5;CZK;;;0.13;CZK;;;;;
Market buy;18.09.2025;US5128073062;LRCX;Lam Research;EOF38954205224;0.01466616;126.6;USD;0.0484914;;CZK;38.35;CZK;;;0.06;CZK;;;;;
Market buy;18.09.2025;US5398301094;LMT;Lockheed Martin;EOF38954207201;0.00393793;471.5;USD;0.04849135;;CZK;38.35;CZK;;;0.06;CZK;;;;;
Market buy;18.09.2025;US7170811035;PFE;Pfizer;EOF38954211780;0.05149668;24.04;USD;0.04849119;;CZK;25.57;CZK;;;0.04;CZK;;;;;
Market buy;18.09.2025;US76655K1034;RGTI;Rigetti Computing;EOF38954211771;0.05408388;22.89;USD;0.04849118;;CZK;25.57;CZK;;;0.04;CZK;;;;;
Market buy;18.09.2025;US9311421039;WMT;Walmart;EOF38954211777;0.02376161;104.2;USD;0.04849118;;CZK;51.14;CZK;;;0.08;CZK;;;;;
Market buy;18.09.2025;US00287Y1091;ABBV;AbbVie;EOF38954211774;0.00561315;220.55;USD;0.04849119;;CZK;25.57;CZK;;;0.04;CZK;;;;;
Market buy;18.09.2025;US57636Q1040;MA;Mastercard;EOF38954214230;0.00826766;599;USD;0.04849043;;CZK;102.28;CZK;;;0.15;CZK;;;;;
Market buy;18.09.2025;US7475251036;QCOM;Qualcomm;EOF38954214221;0.01853118;167;USD;0.04849117;;CZK;63.92;CZK;;;0.1;CZK;;;;;
Market buy;18.09.2025;US7561091049;O;Realty Income;EOF38954224852;0.02080437;59.5;USD;0.04848648;;CZK;25.57;CZK;;;0.04;CZK;;;;;
Market buy;18.09.2025;US5324571083;LLY;Eli Lilly & Co;EOF38954230206;0.0016273;760.55;USD;0.04847798;;CZK;25.57;CZK;;;0.04;CZK;;;;;
Limit sell;22.09.2025;US62914V1061;NIO;NIO;EOF39159562544;0.26541;7.4;USD;1;0.29;USD;1.96;USD;;;;;;;;;
Market buy;26.09.2025;CA11276H1064;BIPC;Brookfield Infrastructure;EOF39360100353;0.51014421;40.91;USD;1;;USD;20.87;USD;;;;;;;;;
Market sell;03.10.2025;US7731211089;RKLB;Rocket Lab Corporation;EOF39710532040;0.02171092;55.83;USD;0.04840737;16.43;CZK;25;CZK;;;0.04;CZK;;;;;
Market sell;03.10.2025;US7475251036;QCOM;Qualcomm;EOF39710532045;0.07089699;170.15;USD;0.04840739;-12.65;CZK;248.83;CZK;;;0.37;CZK;;;;;
Market sell;03.10.2025;US76655K1034;RGTI;Rigetti Computing;EOF39710532055;0.6005353;39.14;USD;0.04840692;313.4;CZK;484.84;CZK;;;0.73;CZK;;;;;
Market sell;03.10.2025;US7170811035;PFE;Pfizer;EOF39710532069;0.07487252;27.6;USD;0.04840668;4.36;CZK;42.63;CZK;;;0.06;CZK;;;;;
Market sell;03.10.2025;US00287Y1091;ABBV;AbbVie;EOF39710532073;0.00513784;235.92;USD;0.04840731;1.71;CZK;25;CZK;;;0.04;CZK;;;;;
Market sell;03.10.2025;US5128073062;LRCX;Lam Research;EOF39710532081;0.04541319;147.12;USD;0.04840739;48.35;CZK;137.81;CZK;;;0.21;CZK;;;;;
Market sell;03.10.2025;CH0334081137;CRSP;CRISPR Therapeutics;EOF39710532103;0.07482082;68.5;USD;0.04840598;31.02;CZK;105.72;CZK;;;0.16;CZK;;;;;
Market sell;03.10.2025;US57636Q1040;MA;Mastercard;EOF39710532107;0.01044756;581.1;USD;0.04840597;4.49;CZK;125.23;CZK;;;0.19;CZK;;;;;
Market sell;03.10.2025;US5324571083;LLY;Eli Lilly & Co;EOF39710532111;0.00147084;836.92;USD;0.04840642;-0.38;CZK;25.39;CZK;;;0.04;CZK;;;;;
Market sell;03.10.2025;US5398301094;LMT;Lockheed Martin;EOF39710532142;0.00239182;506.77;USD;0.04840665;-0.37;CZK;25;CZK;;;0.04;CZK;;;;;
Market sell;06.10.2025;FR0000121329;HO;Thales;EOF39800805086;0.00381746;270.7;EUR;0.04126942;7.67;CZK;25;CZK;;;0.04;CZK;;;;;
Market buy;06.10.2025;IE00B3XXRP09;VUSA;Vanguard S&P 500 (Dist);EOF39800810716;0.01777779;94.9875;GBP;0.03592145;;CZK;47.08;CZK;;;0.07;CZK;;;;;
Market buy;06.10.2025;GB0002634946;BA;BAE Systems;EOF39800812450;0.09041073;2047;GBX;3.59221204;;CZK;51.86;CZK;0.26;CZK;0.08;CZK;;;;;
Market buy;06.10.2025;GB00B63H8491;RR;Rolls-Royce;EOF39800818908;0.17982288;1169.5;GBX;3.59185069;;CZK;58.93;CZK;0.29;CZK;0.09;CZK;;;;;
Market buy;06.10.2025;GB00BKFB1C65;MNG;M&G;EOF39800834802;7.47335853;251.1;GBX;3.59212175;;CZK;525.83;CZK;2.63;CZK;0.79;CZK;;;;;
Market buy;06.10.2025;IE00B3WJKG14;QDVE;iShares S&P 500 Information Technology Sector (Acc);EOF39851155361;0.03872287;35.67;EUR;0.04125581;;CZK;33.53;CZK;;;0.05;CZK;;;;;
Market buy;06.10.2025;US0420682058;ARM;ARM;EOF39858036486;0.02909361;156.5;USD;0.04810004;;CZK;94.8;CZK;;;0.14;CZK;;;;;
Market buy;06.10.2025;US2600031080;DOV;Dover;EOF39858040391;0.01464936;167.75;USD;0.04810002;;CZK;51.17;CZK;;;0.08;CZK;;;;;
Market buy;06.10.2025;US64110L1061;NFLX;Netflix;EOF39858042433;0.00500735;1161.35;USD;0.04809996;;CZK;121.08;CZK;;;0.18;CZK;;;;;
Market buy;06.10.2025;US02079K3059;GOOGL;Alphabet (Class A);EOF39860705936;0.00922439;244.87;USD;0.0481;;CZK;47.03;CZK;;;0.07;CZK;;;;;
Market buy;06.10.2025;US5949181045;MSFT;Microsoft;EOF39860712552;0.00483962;519.6;USD;0.04809997;;CZK;52.36;CZK;;;0.08;CZK;;;;;
Market buy;06.10.2025;US7561091049;O;Realty Income;EOF39860718184;0.02490382;60.28;USD;0.04810004;;CZK;31.26;CZK;;;0.05;CZK;;;;;
Market buy;06.10.2025;US9311421039;WMT;Walmart;EOF39860727518;0.03799186;101.88;USD;0.04810004;;CZK;80.59;CZK;;;0.12;CZK;;;;;
Limit buy;07.10.2025;US9256521090;VICI;VICI Properties;EOF39906497214;0.5;31.99;USD;1;;USD;16;USD;;;;;;;;;
Limit buy;10.10.2025;US62914V1061;NIO;NIO;EOF40057058705;0.9;7.35;USD;1;;USD;6.62;USD;;;;;;;;;
Market buy;16.10.2025;FR0000121329;HO;Thales;EOF40313186540;0.01117671;247.9;EUR;0.04118784;;CZK;67.64;CZK;;;0.1;CZK;0.27;CZK;;;
Market buy;16.10.2025;NL0000235190;AIR;Airbus;EOF40313187048;0.01634006;204.3;EUR;0.04118783;;CZK;81.17;CZK;;;0.12;CZK;;;;;
Market buy;16.10.2025;GB0002634946;BA;BAE Systems;EOF40313187823;0.15295424;1887.5;GBX;3.58012311;;CZK;81.17;CZK;0.41;CZK;0.12;CZK;;;;;
Market buy;16.10.2025;IE00B3XXRP09;VUSA;Vanguard S&P 500 (Dist);EOF40313190601;0.02044861;94.58501;GBP;0.03579737;;CZK;54.11;CZK;;;0.08;CZK;;;;;
Market buy;16.10.2025;GB00B63H8491;RR;Rolls-Royce;EOF40313190697;0.30357603;1109.5;GBX;3.5797386;;CZK;94.7;CZK;0.47;CZK;0.14;CZK;;;;;
Market buy;16.10.2025;GB00BKFB1C65;MNG;M&G;EOF40313191964;0.36629588;262.6;GBX;3.57980268;;CZK;27.05;CZK;0.14;CZK;0.04;CZK;;;;;
Market buy;16.10.2025;IE00B3WJKG14;QDVE;iShares S&P 500 Information Technology Sector (Acc);EOF40315406508;0.06256081;35.57;EUR;0.04118615;;CZK;54.11;CZK;;;0.08;CZK;;;;;
Market buy;16.10.2025;US64110L1061;NFLX;Netflix;EOF40352092664;0.00267233;1212.74;USD;0.04798403;;CZK;67.64;CZK;;;0.1;CZK;;;;;
Market buy;16.10.2025;US0079031078;AMD;Advanced Micro Devices;EOF40352094230;0.01097344;236.26;USD;0.04798417;;CZK;54.11;CZK;;;0.08;CZK;;;;;
Market buy;16.10.2025;US7731211089;RKLB;Rocket Lab Corporation;EOF40352095363;0.03695105;70.16;USD;0.04798233;;CZK;54.11;CZK;;;0.08;CZK;;;;;
Market buy;16.10.2025;US47215P1066;JD;JD.com;EOF40352098991;0.03901273;33.22;USD;0.04798233;;CZK;27.05;CZK;;;0.04;CZK;;;;;
Market buy;16.10.2025;US2600031080;DOV;Dover;EOF40352098998;0.0079121;163.8;USD;0.0479823;;CZK;27.05;CZK;;;0.04;CZK;;;;;
Market buy;16.10.2025;US02079K3059;GOOGL;Alphabet (Class A);EOF40352098995;0.01029376;251.85;USD;0.04798229;;CZK;54.11;CZK;;;0.08;CZK;;;;;
Market buy;16.10.2025;CH0334081137;CRSP;CRISPR Therapeutics;EOF40354555220;0.02778683;69.97;USD;0.04798234;;CZK;40.58;CZK;;;0.06;CZK;;;;;
Market buy;16.10.2025;US57636Q1040;MA;Mastercard;EOF40354555211;0.00800171;567.03;USD;0.04798233;;CZK;94.7;CZK;;;0.14;CZK;;;;;
Market buy;16.10.2025;US0420682058;ARM;ARM;EOF40354555214;0.02607592;174;USD;0.04798234;;CZK;94.7;CZK;;;0.14;CZK;;;;;
Market buy;16.10.2025;US76655K1034;RGTI;Rigetti Computing;EOF40354555208;0.02367128;54.75;USD;0.04798232;;CZK;27.05;CZK;;;0.04;CZK;;;;;
Market buy;16.10.2025;US5128073062;LRCX;Lam Research;EOF40354555255;0.013184;147.47;USD;0.04798234;;CZK;40.58;CZK;;;0.06;CZK;;;;;
Market buy;16.10.2025;US5324571083;LLY;Eli Lilly & Co;EOF40354555245;0.00156977;825.6;USD;0.0479823;;CZK;27.05;CZK;;;0.04;CZK;;;;;
Market buy;16.10.2025;US5949181045;MSFT;Microsoft;EOF40354555240;0.00505259;513.1;USD;0.0479823;;CZK;54.11;CZK;;;0.08;CZK;;;;;
Market buy;16.10.2025;US5398301094;LMT;Lockheed Martin;EOF40354555326;0.00385533;504.3;USD;0.0479823;;CZK;40.58;CZK;;;0.06;CZK;;;;;
Market buy;16.10.2025;US00287Y1091;ABBV;AbbVie;EOF40354555309;0.00572641;226.32;USD;0.04798226;;CZK;27.05;CZK;;;0.04;CZK;;;;;
Market buy;16.10.2025;US7561091049;O;Realty Income;EOF40354568847;0.02170765;59.7;USD;0.04798025;;CZK;27.05;CZK;;;0.04;CZK;;;;;
Market buy;16.10.2025;US7475251036;QCOM;Qualcomm;EOF40354568840;0.01575911;164.5;USD;0.04798026;;CZK;54.11;CZK;;;0.08;CZK;;;;;
Market buy;16.10.2025;US9311421039;WMT;Walmart;EOF40354578612;0.02372757;109.25;USD;0.04797773;;CZK;54.11;CZK;;;0.08;CZK;;;;;
Limit buy;16.10.2025;US62914V1061;NIO;NIO;EOF40354584382;0.16;6.3;USD;1;;USD;1.01;USD;;;;;;;;;
Market buy;16.10.2025;US7170811035;PFE;Pfizer;EOF40354584984;0.0530561;24.42;USD;0.04796852;;CZK;27.05;CZK;;;0.04;CZK;;;;;
Market sell;22.10.2025;GB0002634946;BA;BAE Systems;EOF40701153456;0.2408828;1905.5;GBX;3.5823162;23.37;CZK;127.94;CZK;;;0.19;CZK;;;;;
Market sell;22.10.2025;US7731211089;RKLB;Rocket Lab Corporation;EOF40704425659;1.05125811;62.9;USD;0.04766012;956.25;CZK;1385.33;CZK;;;2.08;CZK;;;;;
Market sell;22.10.2025;US0079031078;AMD;Advanced Micro Devices;EOF40704427070;0.06416173;236.66;USD;0.04766012;130;CZK;318.12;CZK;;;0.48;CZK;;;;;
Market sell;22.10.2025;US57636Q1040;MA;Mastercard;EOF40704435348;0.00687714;570;USD;0.0476592;2.57;CZK;82.13;CZK;;;0.12;CZK;;;;;
Market sell;22.10.2025;US0420682058;ARM;ARM;EOF40704436363;0.19940021;167.94;USD;0.04765921;159.22;CZK;701.59;CZK;;;1.05;CZK;;;;;
Market buy;22.10.2025;US00287Y1091;ABBV;AbbVie;EOF40706906828;0.01837842;233;USD;0.04768034;;CZK;89.94;CZK;;;0.13;CZK;;;;;
Market buy;22.10.2025;US76655K1034;RGTI;Rigetti Computing;EOF40706906831;0.0812655;38.8;USD;0.04768034;;CZK;66.23;CZK;;;0.1;CZK;;;;;
Market buy;22.10.2025;IE00B3XXRP09;VUSA;Vanguard S&P 500 (Dist);EOF40706906779;0.04447121;95.86501;GBP;0.03576537;;CZK;119.38;CZK;;;0.18;CZK;;;;;
Market buy;22.10.2025;NL0010273215;ASML;ASML;EOF40706906785;0.02876217;885.7;EUR;0.04113193;;CZK;620.27;CZK;;;0.93;CZK;;;;;
Market buy;22.10.2025;US64110L1061;NFLX;Netflix;EOF40706906782;0.00219913;1142.8;USD;0.0476791;;CZK;52.79;CZK;;;0.08;CZK;;;;;
Market buy;22.10.2025;US5128073062;LRCX;Lam Research;EOF40706906773;0.03238507;144.62;USD;0.04767921;;CZK;98.38;CZK;;;0.15;CZK;;;;;
Market buy;22.10.2025;US02079K3059;GOOGL;Alphabet (Class A);EOF40706906776;0.0156079;253.58;USD;0.04767921;;CZK;83.13;CZK;;;0.12;CZK;;;;;
Market buy;22.10.2025;NL0000235190;AIR;Airbus;EOF40706906807;0.03467006;207;EUR;0.04113194;;CZK;174.74;CZK;;;0.26;CZK;;;;;
Market buy;22.10.2025;CH0334081137;CRSP;CRISPR Therapeutics;EOF40706906795;0.02455833;71.04;USD;0.04768034;;CZK;36.64;CZK;;;0.05;CZK;;;;;
Market buy;22.10.2025;US47215P1066;JD;JD.com;EOF40706906798;0.16053601;32.65;USD;0.04768034;;CZK;110.1;CZK;;;0.17;CZK;;;;;
Market buy;22.10.2025;IE00B3WJKG14;QDVE;iShares S&P 500 Information Technology Sector (Acc);EOF40706906999;0.14028628;36.09;EUR;0.04113195;;CZK;123.27;CZK;;;0.18;CZK;;;;;
Market buy;22.10.2025;US5949181045;MSFT;Microsoft;EOF40706906940;0.01103573;520.93;USD;0.04768054;;CZK;120.75;CZK;;;0.18;CZK;;;;;
Market buy;22.10.2025;US7475251036;QCOM;Qualcomm;EOF40706906945;0.00729178;167.07;USD;0.04768053;;CZK;25.59;CZK;;;0.04;CZK;;;;;
Market buy;22.10.2025;GB00B63H8491;RR;Rolls-Royce;EOF40706906937;0.8834933;1126;GBX;3.57692167;;CZK;279.94;CZK;1.4;CZK;0.42;CZK;;;;;
Market buy;22.10.2025;US9311421039;WMT;Walmart;EOF40706906914;0.03643296;106.7;USD;0.04768056;;CZK;81.65;CZK;;;0.12;CZK;;;;;
Market buy;22.10.2025;FR0000121329;HO;Thales;EOF40706907021;0.01138527;259.9;EUR;0.04113193;;CZK;72.34;CZK;;;0.11;CZK;0.29;CZK;;;
Market buy;22.10.2025;GB00BKFB1C65;MNG;M&G;EOF40706907192;0.71999957;260.6;GBX;3.5766658;;CZK;52.8;CZK;0.26;CZK;0.08;CZK;;;;;
Market buy;22.10.2025;US7561091049;O;Realty Income;EOF40706907266;0.05098445;60.12;USD;0.04768489;;CZK;64.38;CZK;;;0.1;CZK;;;;;
Market buy;22.10.2025;US2600031080;DOV;Dover;EOF40706907700;0.01273788;173.59;USD;0.04768532;;CZK;46.44;CZK;;;0.07;CZK;;;;;
Market buy;22.10.2025;US5398301094;LMT;Lockheed Martin;EOF40706909410;0.0128772;494;USD;0.0476826;;CZK;133.61;CZK;;;0.2;CZK;;;;;
Market buy;22.10.2025;US5324571083;LLY;Eli Lilly & Co;EOF40706909786;0.00296867;799.57;USD;0.04768299;;CZK;49.85;CZK;;;0.07;CZK;;;;;
Market buy;22.10.2025;US7170811035;PFE;Pfizer;EOF40706913622;0.21715165;24.75;USD;0.04768012;;CZK;112.89;CZK;;;0.17;CZK;;;;;
